[2025-06-19 08:49:06] local.ERROR: SQLSTATE[42S02]: Base table or view not found: 1146 Table 'job_db.job_categories' doesn't exist (Connection: mysql, SQL: alter table `job_categories` add `id` char(36) not null) {"exception":"[object] (Illuminate\\Database\\QueryException(code: 42S02): SQLSTATE[42S02]: Base table or view not found: 1146 Table 'job_db.job_categories' doesn't exist (Connection: mysql, SQL: alter table `job_categories` add `id` char(36) not null) at /var/www/html/vendor/laravel/framework/src/Illuminate/Database/Connection.php:822)
[stacktrace]
#0 /var/www/html/vendor/laravel/framework/src/Illuminate/Database/Connection.php(776): Illuminate\\Database\\Connection->runQueryCallback('alter table `jo...', Array, Object(Closure))
#1 /var/www/html/vendor/laravel/framework/src/Illuminate/Database/Connection.php(557): Illuminate\\Database\\Connection->run('alter table `jo...', Array, Object(Closure))
#2 /var/www/html/vendor/laravel/framework/src/Illuminate/Database/Schema/Blueprint.php(119): Illuminate\\Database\\Connection->statement('alter table `jo...')
#3 /var/www/html/vendor/laravel/framework/src/Illuminate/Database/Schema/Builder.php(618): Illuminate\\Database\\Schema\\Blueprint->build()
#4 /var/www/html/vendor/laravel/framework/src/Illuminate/Database/Schema/Builder.php(460): Illuminate\\Database\\Schema\\Builder->build(Object(Illuminate\\Database\\Schema\\Blueprint))
#5 /var/www/html/vendor/laravel/framework/src/Illuminate/Support/Facades/Facade.php(361): Illuminate\\Database\\Schema\\Builder->table('job_categories', Object(Closure))
#6 /var/www/html/database/migrations/2025_06_19_083043_create_job_categories_table.php(14): Illuminate\\Support\\Facades\\Facade::__callStatic('table', Array)
#7 /var/www/html/vendor/laravel/framework/src/Illuminate/Database/Migrations/Migrator.php(514): Illuminate\\Database\\Migrations\\Migration@anonymous->up()
#8 /var/www/html/vendor/laravel/framework/src/Illuminate/Database/Migrations/Migrator.php(439): Illuminate\\Database\\Migrations\\Migrator->runMethod(Object(Illuminate\\Database\\MySqlConnection), Object(Illuminate\\Database\\Migrations\\Migration@anonymous), 'up')
#9 /var/www/html/vendor/laravel/framework/src/Illuminate/Database/Migrations/Migrator.php(448): Illuminate\\Database\\Migrations\\Migrator->Illuminate\\Database\\Migrations\\{closure}()
#10 /var/www/html/vendor/laravel/framework/src/Illuminate/Database/Migrations/Migrator.php(250): Illuminate\\Database\\Migrations\\Migrator->runMigration(Object(Illuminate\\Database\\Migrations\\Migration@anonymous), 'up')
#11 /var/www/html/vendor/laravel/framework/src/Illuminate/Console/View/Components/Task.php(41): Illuminate\\Database\\Migrations\\Migrator->Illuminate\\Database\\Migrations\\{closure}()
#12 /var/www/html/vendor/laravel/framework/src/Illuminate/Database/Migrations/Migrator.php(805): Illuminate\\Console\\View\\Components\\Task->render('2025_06_19_0830...', Object(Closure))
#13 /var/www/html/vendor/laravel/framework/src/Illuminate/Database/Migrations/Migrator.php(250): Illuminate\\Database\\Migrations\\Migrator->write('Illuminate\\\\Cons...', '2025_06_19_0830...', Object(Closure))
#14 /var/www/html/vendor/laravel/framework/src/Illuminate/Database/Migrations/Migrator.php(210): Illuminate\\Database\\Migrations\\Migrator->runUp('/var/www/html/d...', 1, false)
#15 /var/www/html/vendor/laravel/framework/src/Illuminate/Database/Migrations/Migrator.php(137): Illuminate\\Database\\Migrations\\Migrator->runPending(Array, Array)
#16 /var/www/html/vendor/laravel/framework/src/Illuminate/Database/Console/Migrations/MigrateCommand.php(116): Illuminate\\Database\\Migrations\\Migrator->run(Array, Array)
#17 /var/www/html/vendor/laravel/framework/src/Illuminate/Database/Migrations/Migrator.php(665): Illuminate\\Database\\Console\\Migrations\\MigrateCommand->Illuminate\\Database\\Console\\Migrations\\{closure}()
#18 /var/www/html/vendor/laravel/framework/src/Illuminate/Database/Console/Migrations/MigrateCommand.php(109): Illuminate\\Database\\Migrations\\Migrator->usingConnection(NULL, Object(Closure))
#19 /var/www/html/vendor/laravel/framework/src/Illuminate/Database/Console/Migrations/MigrateCommand.php(88): Illuminate\\Database\\Console\\Migrations\\MigrateCommand->runMigrations()
#20 /var/www/html/vendor/laravel/framework/src/Illuminate/Container/BoundMethod.php(36): Illuminate\\Database\\Console\\Migrations\\MigrateCommand->handle()
#21 /var/www/html/vendor/laravel/framework/src/Illuminate/Container/Util.php(43): Illuminate\\Container\\BoundMethod::Illuminate\\Container\\{closure}()
#22 /var/www/html/vendor/laravel/framework/src/Illuminate/Container/BoundMethod.php(96): Illuminate\\Container\\Util::unwrapIfClosure(Object(Closure))
#23 /var/www/html/vendor/laravel/framework/src/Illuminate/Container/BoundMethod.php(35): Illuminate\\Container\\BoundMethod::callBoundMethod(Object(Illuminate\\Foundation\\Application), Array, Object(Closure))
#24 /var/www/html/vendor/laravel/framework/src/Illuminate/Container/Container.php(754): Illuminate\\Container\\BoundMethod::call(Object(Illuminate\\Foundation\\Application), Array, Array, NULL)
#25 /var/www/html/vendor/laravel/framework/src/Illuminate/Console/Command.php(211): Illuminate\\Container\\Container->call(Array)
#26 /var/www/html/vendor/symfony/console/Command/Command.php(318): Illuminate\\Console\\Command->execute(Object(Symfony\\Component\\Console\\Input\\ArrayInput), Object(Illuminate\\Console\\OutputStyle))
#27 /var/www/html/vendor/laravel/framework/src/Illuminate/Console/Command.php(180): Symfony\\Component\\Console\\Command\\Command->run(Object(Symfony\\Component\\Console\\Input\\ArrayInput), Object(Illuminate\\Console\\OutputStyle))
#28 /var/www/html/vendor/laravel/framework/src/Illuminate/Console/Concerns/CallsCommands.php(68): Illuminate\\Console\\Command->run(Object(Symfony\\Component\\Console\\Input\\ArrayInput), Object(Illuminate\\Console\\OutputStyle))
#29 /var/www/html/vendor/laravel/framework/src/Illuminate/Console/Concerns/CallsCommands.php(29): Illuminate\\Console\\Command->runCommand('migrate', Array, Object(Illuminate\\Console\\OutputStyle))
#30 /var/www/html/vendor/laravel/framework/src/Illuminate/Database/Console/Migrations/RefreshCommand.php(65): Illuminate\\Console\\Command->call('migrate', Array)
#31 /var/www/html/vendor/laravel/framework/src/Illuminate/Container/BoundMethod.php(36): Illuminate\\Database\\Console\\Migrations\\RefreshCommand->handle()
#32 /var/www/html/vendor/laravel/framework/src/Illuminate/Container/Util.php(43): Illuminate\\Container\\BoundMethod::Illuminate\\Container\\{closure}()
#33 /var/www/html/vendor/laravel/framework/src/Illuminate/Container/BoundMethod.php(96): Illuminate\\Container\\Util::unwrapIfClosure(Object(Closure))
#34 /var/www/html/vendor/laravel/framework/src/Illuminate/Container/BoundMethod.php(35): Illuminate\\Container\\BoundMethod::callBoundMethod(Object(Illuminate\\Foundation\\Application), Array, Object(Closure))
#35 /var/www/html/vendor/laravel/framework/src/Illuminate/Container/Container.php(754): Illuminate\\Container\\BoundMethod::call(Object(Illuminate\\Foundation\\Application), Array, Array, NULL)
#36 /var/www/html/vendor/laravel/framework/src/Illuminate/Console/Command.php(211): Illuminate\\Container\\Container->call(Array)
#37 /var/www/html/vendor/symfony/console/Command/Command.php(318): Illuminate\\Console\\Command->execute(Object(Symfony\\Component\\Console\\Input\\ArgvInput), Object(Illuminate\\Console\\OutputStyle))
#38 /var/www/html/vendor/laravel/framework/src/Illuminate/Console/Command.php(180): Symfony\\Component\\Console\\Command\\Command->run(Object(Symfony\\Component\\Console\\Input\\ArgvInput), Object(Illuminate\\Console\\OutputStyle))
#39 /var/www/html/vendor/symfony/console/Application.php(1092): Illuminate\\Console\\Command->run(Object(Symfony\\Component\\Console\\Input\\ArgvInput), Object(Symfony\\Component\\Console\\Output\\ConsoleOutput))
#40 /var/www/html/vendor/symfony/console/Application.php(341): Symfony\\Component\\Console\\Application->doRunCommand(Object(Illuminate\\Database\\Console\\Migrations\\RefreshCommand), Object(Symfony\\Component\\Console\\Input\\ArgvInput), Object(Symfony\\Component\\Console\\Output\\ConsoleOutput))
#41 /var/www/html/vendor/symfony/console/Application.php(192): Symfony\\Component\\Console\\Application->doRun(Object(Symfony\\Component\\Console\\Input\\ArgvInput), Object(Symfony\\Component\\Console\\Output\\ConsoleOutput))
#42 /var/www/html/vendor/laravel/framework/src/Illuminate/Foundation/Console/Kernel.php(197): Symfony\\Component\\Console\\Application->run(Object(Symfony\\Component\\Console\\Input\\ArgvInput), Object(Symfony\\Component\\Console\\Output\\ConsoleOutput))
#43 /var/www/html/vendor/laravel/framework/src/Illuminate/Foundation/Application.php(1234): Illuminate\\Foundation\\Console\\Kernel->handle(Object(Symfony\\Component\\Console\\Input\\ArgvInput), Object(Symfony\\Component\\Console\\Output\\ConsoleOutput))
#44 /var/www/html/artisan(16): Illuminate\\Foundation\\Application->handleCommand(Object(Symfony\\Component\\Console\\Input\\ArgvInput))
#45 {main}

[previous exception] [object] (PDOException(code: 42S02): SQLSTATE[42S02]: Base table or view not found: 1146 Table 'job_db.job_categories' doesn't exist at /var/www/html/vendor/laravel/framework/src/Illuminate/Database/Connection.php:568)
[stacktrace]
#0 /var/www/html/vendor/laravel/framework/src/Illuminate/Database/Connection.php(568): PDOStatement->execute()
#1 /var/www/html/vendor/laravel/framework/src/Illuminate/Database/Connection.php(809): Illuminate\\Database\\Connection->Illuminate\\Database\\{closure}('alter table `jo...', Array)
#2 /var/www/html/vendor/laravel/framework/src/Illuminate/Database/Connection.php(776): Illuminate\\Database\\Connection->runQueryCallback('alter table `jo...', Array, Object(Closure))
#3 /var/www/html/vendor/laravel/framework/src/Illuminate/Database/Connection.php(557): Illuminate\\Database\\Connection->run('alter table `jo...', Array, Object(Closure))
#4 /var/www/html/vendor/laravel/framework/src/Illuminate/Database/Schema/Blueprint.php(119): Illuminate\\Database\\Connection->statement('alter table `jo...')
#5 /var/www/html/vendor/laravel/framework/src/Illuminate/Database/Schema/Builder.php(618): Illuminate\\Database\\Schema\\Blueprint->build()
#6 /var/www/html/vendor/laravel/framework/src/Illuminate/Database/Schema/Builder.php(460): Illuminate\\Database\\Schema\\Builder->build(Object(Illuminate\\Database\\Schema\\Blueprint))
#7 /var/www/html/vendor/laravel/framework/src/Illuminate/Support/Facades/Facade.php(361): Illuminate\\Database\\Schema\\Builder->table('job_categories', Object(Closure))
#8 /var/www/html/database/migrations/2025_06_19_083043_create_job_categories_table.php(14): Illuminate\\Support\\Facades\\Facade::__callStatic('table', Array)
#9 /var/www/html/vendor/laravel/framework/src/Illuminate/Database/Migrations/Migrator.php(514): Illuminate\\Database\\Migrations\\Migration@anonymous->up()
#10 /var/www/html/vendor/laravel/framework/src/Illuminate/Database/Migrations/Migrator.php(439): Illuminate\\Database\\Migrations\\Migrator->runMethod(Object(Illuminate\\Database\\MySqlConnection), Object(Illuminate\\Database\\Migrations\\Migration@anonymous), 'up')
#11 /var/www/html/vendor/laravel/framework/src/Illuminate/Database/Migrations/Migrator.php(448): Illuminate\\Database\\Migrations\\Migrator->Illuminate\\Database\\Migrations\\{closure}()
#12 /var/www/html/vendor/laravel/framework/src/Illuminate/Database/Migrations/Migrator.php(250): Illuminate\\Database\\Migrations\\Migrator->runMigration(Object(Illuminate\\Database\\Migrations\\Migration@anonymous), 'up')
#13 /var/www/html/vendor/laravel/framework/src/Illuminate/Console/View/Components/Task.php(41): Illuminate\\Database\\Migrations\\Migrator->Illuminate\\Database\\Migrations\\{closure}()
#14 /var/www/html/vendor/laravel/framework/src/Illuminate/Database/Migrations/Migrator.php(805): Illuminate\\Console\\View\\Components\\Task->render('2025_06_19_0830...', Object(Closure))
#15 /var/www/html/vendor/laravel/framework/src/Illuminate/Database/Migrations/Migrator.php(250): Illuminate\\Database\\Migrations\\Migrator->write('Illuminate\\\\Cons...', '2025_06_19_0830...', Object(Closure))
#16 /var/www/html/vendor/laravel/framework/src/Illuminate/Database/Migrations/Migrator.php(210): Illuminate\\Database\\Migrations\\Migrator->runUp('/var/www/html/d...', 1, false)
#17 /var/www/html/vendor/laravel/framework/src/Illuminate/Database/Migrations/Migrator.php(137): Illuminate\\Database\\Migrations\\Migrator->runPending(Array, Array)
#18 /var/www/html/vendor/laravel/framework/src/Illuminate/Database/Console/Migrations/MigrateCommand.php(116): Illuminate\\Database\\Migrations\\Migrator->run(Array, Array)
#19 /var/www/html/vendor/laravel/framework/src/Illuminate/Database/Migrations/Migrator.php(665): Illuminate\\Database\\Console\\Migrations\\MigrateCommand->Illuminate\\Database\\Console\\Migrations\\{closure}()
#20 /var/www/html/vendor/laravel/framework/src/Illuminate/Database/Console/Migrations/MigrateCommand.php(109): Illuminate\\Database\\Migrations\\Migrator->usingConnection(NULL, Object(Closure))
#21 /var/www/html/vendor/laravel/framework/src/Illuminate/Database/Console/Migrations/MigrateCommand.php(88): Illuminate\\Database\\Console\\Migrations\\MigrateCommand->runMigrations()
#22 /var/www/html/vendor/laravel/framework/src/Illuminate/Container/BoundMethod.php(36): Illuminate\\Database\\Console\\Migrations\\MigrateCommand->handle()
#23 /var/www/html/vendor/laravel/framework/src/Illuminate/Container/Util.php(43): Illuminate\\Container\\BoundMethod::Illuminate\\Container\\{closure}()
#24 /var/www/html/vendor/laravel/framework/src/Illuminate/Container/BoundMethod.php(96): Illuminate\\Container\\Util::unwrapIfClosure(Object(Closure))
#25 /var/www/html/vendor/laravel/framework/src/Illuminate/Container/BoundMethod.php(35): Illuminate\\Container\\BoundMethod::callBoundMethod(Object(Illuminate\\Foundation\\Application), Array, Object(Closure))
#26 /var/www/html/vendor/laravel/framework/src/Illuminate/Container/Container.php(754): Illuminate\\Container\\BoundMethod::call(Object(Illuminate\\Foundation\\Application), Array, Array, NULL)
#27 /var/www/html/vendor/laravel/framework/src/Illuminate/Console/Command.php(211): Illuminate\\Container\\Container->call(Array)
#28 /var/www/html/vendor/symfony/console/Command/Command.php(318): Illuminate\\Console\\Command->execute(Object(Symfony\\Component\\Console\\Input\\ArrayInput), Object(Illuminate\\Console\\OutputStyle))
#29 /var/www/html/vendor/laravel/framework/src/Illuminate/Console/Command.php(180): Symfony\\Component\\Console\\Command\\Command->run(Object(Symfony\\Component\\Console\\Input\\ArrayInput), Object(Illuminate\\Console\\OutputStyle))
#30 /var/www/html/vendor/laravel/framework/src/Illuminate/Console/Concerns/CallsCommands.php(68): Illuminate\\Console\\Command->run(Object(Symfony\\Component\\Console\\Input\\ArrayInput), Object(Illuminate\\Console\\OutputStyle))
#31 /var/www/html/vendor/laravel/framework/src/Illuminate/Console/Concerns/CallsCommands.php(29): Illuminate\\Console\\Command->runCommand('migrate', Array, Object(Illuminate\\Console\\OutputStyle))
#32 /var/www/html/vendor/laravel/framework/src/Illuminate/Database/Console/Migrations/RefreshCommand.php(65): Illuminate\\Console\\Command->call('migrate', Array)
#33 /var/www/html/vendor/laravel/framework/src/Illuminate/Container/BoundMethod.php(36): Illuminate\\Database\\Console\\Migrations\\RefreshCommand->handle()
#34 /var/www/html/vendor/laravel/framework/src/Illuminate/Container/Util.php(43): Illuminate\\Container\\BoundMethod::Illuminate\\Container\\{closure}()
#35 /var/www/html/vendor/laravel/framework/src/Illuminate/Container/BoundMethod.php(96): Illuminate\\Container\\Util::unwrapIfClosure(Object(Closure))
#36 /var/www/html/vendor/laravel/framework/src/Illuminate/Container/BoundMethod.php(35): Illuminate\\Container\\BoundMethod::callBoundMethod(Object(Illuminate\\Foundation\\Application), Array, Object(Closure))
#37 /var/www/html/vendor/laravel/framework/src/Illuminate/Container/Container.php(754): Illuminate\\Container\\BoundMethod::call(Object(Illuminate\\Foundation\\Application), Array, Array, NULL)
#38 /var/www/html/vendor/laravel/framework/src/Illuminate/Console/Command.php(211): Illuminate\\Container\\Container->call(Array)
#39 /var/www/html/vendor/symfony/console/Command/Command.php(318): Illuminate\\Console\\Command->execute(Object(Symfony\\Component\\Console\\Input\\ArgvInput), Object(Illuminate\\Console\\OutputStyle))
#40 /var/www/html/vendor/laravel/framework/src/Illuminate/Console/Command.php(180): Symfony\\Component\\Console\\Command\\Command->run(Object(Symfony\\Component\\Console\\Input\\ArgvInput), Object(Illuminate\\Console\\OutputStyle))
#41 /var/www/html/vendor/symfony/console/Application.php(1092): Illuminate\\Console\\Command->run(Object(Symfony\\Component\\Console\\Input\\ArgvInput), Object(Symfony\\Component\\Console\\Output\\ConsoleOutput))
#42 /var/www/html/vendor/symfony/console/Application.php(341): Symfony\\Component\\Console\\Application->doRunCommand(Object(Illuminate\\Database\\Console\\Migrations\\RefreshCommand), Object(Symfony\\Component\\Console\\Input\\ArgvInput), Object(Symfony\\Component\\Console\\Output\\ConsoleOutput))
#43 /var/www/html/vendor/symfony/console/Application.php(192): Symfony\\Component\\Console\\Application->doRun(Object(Symfony\\Component\\Console\\Input\\ArgvInput), Object(Symfony\\Component\\Console\\Output\\ConsoleOutput))
#44 /var/www/html/vendor/laravel/framework/src/Illuminate/Foundation/Console/Kernel.php(197): Symfony\\Component\\Console\\Application->run(Object(Symfony\\Component\\Console\\Input\\ArgvInput), Object(Symfony\\Component\\Console\\Output\\ConsoleOutput))
#45 /var/www/html/vendor/laravel/framework/src/Illuminate/Foundation/Application.php(1234): Illuminate\\Foundation\\Console\\Kernel->handle(Object(Symfony\\Component\\Console\\Input\\ArgvInput), Object(Symfony\\Component\\Console\\Output\\ConsoleOutput))
#46 /var/www/html/artisan(16): Illuminate\\Foundation\\Application->handleCommand(Object(Symfony\\Component\\Console\\Input\\ArgvInput))
#47 {main}
"} 
[2025-06-19 08:50:46] local.ERROR: SQLSTATE[42S02]: Base table or view not found: 1146 Table 'job_db.job_categories' doesn't exist (Connection: mysql, SQL: alter table `job_categories` add `id` char(36) not null) {"exception":"[object] (Illuminate\\Database\\QueryException(code: 42S02): SQLSTATE[42S02]: Base table or view not found: 1146 Table 'job_db.job_categories' doesn't exist (Connection: mysql, SQL: alter table `job_categories` add `id` char(36) not null) at /var/www/html/vendor/laravel/framework/src/Illuminate/Database/Connection.php:822)
[stacktrace]
#0 /var/www/html/vendor/laravel/framework/src/Illuminate/Database/Connection.php(776): Illuminate\\Database\\Connection->runQueryCallback('alter table `jo...', Array, Object(Closure))
#1 /var/www/html/vendor/laravel/framework/src/Illuminate/Database/Connection.php(557): Illuminate\\Database\\Connection->run('alter table `jo...', Array, Object(Closure))
#2 /var/www/html/vendor/laravel/framework/src/Illuminate/Database/Schema/Blueprint.php(119): Illuminate\\Database\\Connection->statement('alter table `jo...')
#3 /var/www/html/vendor/laravel/framework/src/Illuminate/Database/Schema/Builder.php(618): Illuminate\\Database\\Schema\\Blueprint->build()
#4 /var/www/html/vendor/laravel/framework/src/Illuminate/Database/Schema/Builder.php(460): Illuminate\\Database\\Schema\\Builder->build(Object(Illuminate\\Database\\Schema\\Blueprint))
#5 /var/www/html/vendor/laravel/framework/src/Illuminate/Support/Facades/Facade.php(361): Illuminate\\Database\\Schema\\Builder->table('job_categories', Object(Closure))
#6 /var/www/html/database/migrations/2025_06_19_083043_create_job_categories_table.php(14): Illuminate\\Support\\Facades\\Facade::__callStatic('table', Array)
#7 /var/www/html/vendor/laravel/framework/src/Illuminate/Database/Migrations/Migrator.php(514): Illuminate\\Database\\Migrations\\Migration@anonymous->up()
#8 /var/www/html/vendor/laravel/framework/src/Illuminate/Database/Migrations/Migrator.php(439): Illuminate\\Database\\Migrations\\Migrator->runMethod(Object(Illuminate\\Database\\MySqlConnection), Object(Illuminate\\Database\\Migrations\\Migration@anonymous), 'up')
#9 /var/www/html/vendor/laravel/framework/src/Illuminate/Database/Migrations/Migrator.php(448): Illuminate\\Database\\Migrations\\Migrator->Illuminate\\Database\\Migrations\\{closure}()
#10 /var/www/html/vendor/laravel/framework/src/Illuminate/Database/Migrations/Migrator.php(250): Illuminate\\Database\\Migrations\\Migrator->runMigration(Object(Illuminate\\Database\\Migrations\\Migration@anonymous), 'up')
#11 /var/www/html/vendor/laravel/framework/src/Illuminate/Console/View/Components/Task.php(41): Illuminate\\Database\\Migrations\\Migrator->Illuminate\\Database\\Migrations\\{closure}()
#12 /var/www/html/vendor/laravel/framework/src/Illuminate/Database/Migrations/Migrator.php(805): Illuminate\\Console\\View\\Components\\Task->render('2025_06_19_0830...', Object(Closure))
#13 /var/www/html/vendor/laravel/framework/src/Illuminate/Database/Migrations/Migrator.php(250): Illuminate\\Database\\Migrations\\Migrator->write('Illuminate\\\\Cons...', '2025_06_19_0830...', Object(Closure))
#14 /var/www/html/vendor/laravel/framework/src/Illuminate/Database/Migrations/Migrator.php(210): Illuminate\\Database\\Migrations\\Migrator->runUp('/var/www/html/d...', 2, false)
#15 /var/www/html/vendor/laravel/framework/src/Illuminate/Database/Migrations/Migrator.php(137): Illuminate\\Database\\Migrations\\Migrator->runPending(Array, Array)
#16 /var/www/html/vendor/laravel/framework/src/Illuminate/Database/Console/Migrations/MigrateCommand.php(116): Illuminate\\Database\\Migrations\\Migrator->run(Array, Array)
#17 /var/www/html/vendor/laravel/framework/src/Illuminate/Database/Migrations/Migrator.php(665): Illuminate\\Database\\Console\\Migrations\\MigrateCommand->Illuminate\\Database\\Console\\Migrations\\{closure}()
#18 /var/www/html/vendor/laravel/framework/src/Illuminate/Database/Console/Migrations/MigrateCommand.php(109): Illuminate\\Database\\Migrations\\Migrator->usingConnection(NULL, Object(Closure))
#19 /var/www/html/vendor/laravel/framework/src/Illuminate/Database/Console/Migrations/MigrateCommand.php(88): Illuminate\\Database\\Console\\Migrations\\MigrateCommand->runMigrations()
#20 /var/www/html/vendor/laravel/framework/src/Illuminate/Container/BoundMethod.php(36): Illuminate\\Database\\Console\\Migrations\\MigrateCommand->handle()
#21 /var/www/html/vendor/laravel/framework/src/Illuminate/Container/Util.php(43): Illuminate\\Container\\BoundMethod::Illuminate\\Container\\{closure}()
#22 /var/www/html/vendor/laravel/framework/src/Illuminate/Container/BoundMethod.php(96): Illuminate\\Container\\Util::unwrapIfClosure(Object(Closure))
#23 /var/www/html/vendor/laravel/framework/src/Illuminate/Container/BoundMethod.php(35): Illuminate\\Container\\BoundMethod::callBoundMethod(Object(Illuminate\\Foundation\\Application), Array, Object(Closure))
#24 /var/www/html/vendor/laravel/framework/src/Illuminate/Container/Container.php(754): Illuminate\\Container\\BoundMethod::call(Object(Illuminate\\Foundation\\Application), Array, Array, NULL)
#25 /var/www/html/vendor/laravel/framework/src/Illuminate/Console/Command.php(211): Illuminate\\Container\\Container->call(Array)
#26 /var/www/html/vendor/symfony/console/Command/Command.php(318): Illuminate\\Console\\Command->execute(Object(Symfony\\Component\\Console\\Input\\ArgvInput), Object(Illuminate\\Console\\OutputStyle))
#27 /var/www/html/vendor/laravel/framework/src/Illuminate/Console/Command.php(180): Symfony\\Component\\Console\\Command\\Command->run(Object(Symfony\\Component\\Console\\Input\\ArgvInput), Object(Illuminate\\Console\\OutputStyle))
#28 /var/www/html/vendor/symfony/console/Application.php(1092): Illuminate\\Console\\Command->run(Object(Symfony\\Component\\Console\\Input\\ArgvInput), Object(Symfony\\Component\\Console\\Output\\ConsoleOutput))
#29 /var/www/html/vendor/symfony/console/Application.php(341): Symfony\\Component\\Console\\Application->doRunCommand(Object(Illuminate\\Database\\Console\\Migrations\\MigrateCommand), Object(Symfony\\Component\\Console\\Input\\ArgvInput), Object(Symfony\\Component\\Console\\Output\\ConsoleOutput))
#30 /var/www/html/vendor/symfony/console/Application.php(192): Symfony\\Component\\Console\\Application->doRun(Object(Symfony\\Component\\Console\\Input\\ArgvInput), Object(Symfony\\Component\\Console\\Output\\ConsoleOutput))
#31 /var/www/html/vendor/laravel/framework/src/Illuminate/Foundation/Console/Kernel.php(197): Symfony\\Component\\Console\\Application->run(Object(Symfony\\Component\\Console\\Input\\ArgvInput), Object(Symfony\\Component\\Console\\Output\\ConsoleOutput))
#32 /var/www/html/vendor/laravel/framework/src/Illuminate/Foundation/Application.php(1234): Illuminate\\Foundation\\Console\\Kernel->handle(Object(Symfony\\Component\\Console\\Input\\ArgvInput), Object(Symfony\\Component\\Console\\Output\\ConsoleOutput))
#33 /var/www/html/artisan(16): Illuminate\\Foundation\\Application->handleCommand(Object(Symfony\\Component\\Console\\Input\\ArgvInput))
#34 {main}

[previous exception] [object] (PDOException(code: 42S02): SQLSTATE[42S02]: Base table or view not found: 1146 Table 'job_db.job_categories' doesn't exist at /var/www/html/vendor/laravel/framework/src/Illuminate/Database/Connection.php:568)
[stacktrace]
#0 /var/www/html/vendor/laravel/framework/src/Illuminate/Database/Connection.php(568): PDOStatement->execute()
#1 /var/www/html/vendor/laravel/framework/src/Illuminate/Database/Connection.php(809): Illuminate\\Database\\Connection->Illuminate\\Database\\{closure}('alter table `jo...', Array)
#2 /var/www/html/vendor/laravel/framework/src/Illuminate/Database/Connection.php(776): Illuminate\\Database\\Connection->runQueryCallback('alter table `jo...', Array, Object(Closure))
#3 /var/www/html/vendor/laravel/framework/src/Illuminate/Database/Connection.php(557): Illuminate\\Database\\Connection->run('alter table `jo...', Array, Object(Closure))
#4 /var/www/html/vendor/laravel/framework/src/Illuminate/Database/Schema/Blueprint.php(119): Illuminate\\Database\\Connection->statement('alter table `jo...')
#5 /var/www/html/vendor/laravel/framework/src/Illuminate/Database/Schema/Builder.php(618): Illuminate\\Database\\Schema\\Blueprint->build()
#6 /var/www/html/vendor/laravel/framework/src/Illuminate/Database/Schema/Builder.php(460): Illuminate\\Database\\Schema\\Builder->build(Object(Illuminate\\Database\\Schema\\Blueprint))
#7 /var/www/html/vendor/laravel/framework/src/Illuminate/Support/Facades/Facade.php(361): Illuminate\\Database\\Schema\\Builder->table('job_categories', Object(Closure))
#8 /var/www/html/database/migrations/2025_06_19_083043_create_job_categories_table.php(14): Illuminate\\Support\\Facades\\Facade::__callStatic('table', Array)
#9 /var/www/html/vendor/laravel/framework/src/Illuminate/Database/Migrations/Migrator.php(514): Illuminate\\Database\\Migrations\\Migration@anonymous->up()
#10 /var/www/html/vendor/laravel/framework/src/Illuminate/Database/Migrations/Migrator.php(439): Illuminate\\Database\\Migrations\\Migrator->runMethod(Object(Illuminate\\Database\\MySqlConnection), Object(Illuminate\\Database\\Migrations\\Migration@anonymous), 'up')
#11 /var/www/html/vendor/laravel/framework/src/Illuminate/Database/Migrations/Migrator.php(448): Illuminate\\Database\\Migrations\\Migrator->Illuminate\\Database\\Migrations\\{closure}()
#12 /var/www/html/vendor/laravel/framework/src/Illuminate/Database/Migrations/Migrator.php(250): Illuminate\\Database\\Migrations\\Migrator->runMigration(Object(Illuminate\\Database\\Migrations\\Migration@anonymous), 'up')
#13 /var/www/html/vendor/laravel/framework/src/Illuminate/Console/View/Components/Task.php(41): Illuminate\\Database\\Migrations\\Migrator->Illuminate\\Database\\Migrations\\{closure}()
#14 /var/www/html/vendor/laravel/framework/src/Illuminate/Database/Migrations/Migrator.php(805): Illuminate\\Console\\View\\Components\\Task->render('2025_06_19_0830...', Object(Closure))
#15 /var/www/html/vendor/laravel/framework/src/Illuminate/Database/Migrations/Migrator.php(250): Illuminate\\Database\\Migrations\\Migrator->write('Illuminate\\\\Cons...', '2025_06_19_0830...', Object(Closure))
#16 /var/www/html/vendor/laravel/framework/src/Illuminate/Database/Migrations/Migrator.php(210): Illuminate\\Database\\Migrations\\Migrator->runUp('/var/www/html/d...', 2, false)
#17 /var/www/html/vendor/laravel/framework/src/Illuminate/Database/Migrations/Migrator.php(137): Illuminate\\Database\\Migrations\\Migrator->runPending(Array, Array)
#18 /var/www/html/vendor/laravel/framework/src/Illuminate/Database/Console/Migrations/MigrateCommand.php(116): Illuminate\\Database\\Migrations\\Migrator->run(Array, Array)
#19 /var/www/html/vendor/laravel/framework/src/Illuminate/Database/Migrations/Migrator.php(665): Illuminate\\Database\\Console\\Migrations\\MigrateCommand->Illuminate\\Database\\Console\\Migrations\\{closure}()
#20 /var/www/html/vendor/laravel/framework/src/Illuminate/Database/Console/Migrations/MigrateCommand.php(109): Illuminate\\Database\\Migrations\\Migrator->usingConnection(NULL, Object(Closure))
#21 /var/www/html/vendor/laravel/framework/src/Illuminate/Database/Console/Migrations/MigrateCommand.php(88): Illuminate\\Database\\Console\\Migrations\\MigrateCommand->runMigrations()
#22 /var/www/html/vendor/laravel/framework/src/Illuminate/Container/BoundMethod.php(36): Illuminate\\Database\\Console\\Migrations\\MigrateCommand->handle()
#23 /var/www/html/vendor/laravel/framework/src/Illuminate/Container/Util.php(43): Illuminate\\Container\\BoundMethod::Illuminate\\Container\\{closure}()
#24 /var/www/html/vendor/laravel/framework/src/Illuminate/Container/BoundMethod.php(96): Illuminate\\Container\\Util::unwrapIfClosure(Object(Closure))
#25 /var/www/html/vendor/laravel/framework/src/Illuminate/Container/BoundMethod.php(35): Illuminate\\Container\\BoundMethod::callBoundMethod(Object(Illuminate\\Foundation\\Application), Array, Object(Closure))
#26 /var/www/html/vendor/laravel/framework/src/Illuminate/Container/Container.php(754): Illuminate\\Container\\BoundMethod::call(Object(Illuminate\\Foundation\\Application), Array, Array, NULL)
#27 /var/www/html/vendor/laravel/framework/src/Illuminate/Console/Command.php(211): Illuminate\\Container\\Container->call(Array)
#28 /var/www/html/vendor/symfony/console/Command/Command.php(318): Illuminate\\Console\\Command->execute(Object(Symfony\\Component\\Console\\Input\\ArgvInput), Object(Illuminate\\Console\\OutputStyle))
#29 /var/www/html/vendor/laravel/framework/src/Illuminate/Console/Command.php(180): Symfony\\Component\\Console\\Command\\Command->run(Object(Symfony\\Component\\Console\\Input\\ArgvInput), Object(Illuminate\\Console\\OutputStyle))
#30 /var/www/html/vendor/symfony/console/Application.php(1092): Illuminate\\Console\\Command->run(Object(Symfony\\Component\\Console\\Input\\ArgvInput), Object(Symfony\\Component\\Console\\Output\\ConsoleOutput))
#31 /var/www/html/vendor/symfony/console/Application.php(341): Symfony\\Component\\Console\\Application->doRunCommand(Object(Illuminate\\Database\\Console\\Migrations\\MigrateCommand), Object(Symfony\\Component\\Console\\Input\\ArgvInput), Object(Symfony\\Component\\Console\\Output\\ConsoleOutput))
#32 /var/www/html/vendor/symfony/console/Application.php(192): Symfony\\Component\\Console\\Application->doRun(Object(Symfony\\Component\\Console\\Input\\ArgvInput), Object(Symfony\\Component\\Console\\Output\\ConsoleOutput))
#33 /var/www/html/vendor/laravel/framework/src/Illuminate/Foundation/Console/Kernel.php(197): Symfony\\Component\\Console\\Application->run(Object(Symfony\\Component\\Console\\Input\\ArgvInput), Object(Symfony\\Component\\Console\\Output\\ConsoleOutput))
#34 /var/www/html/vendor/laravel/framework/src/Illuminate/Foundation/Application.php(1234): Illuminate\\Foundation\\Console\\Kernel->handle(Object(Symfony\\Component\\Console\\Input\\ArgvInput), Object(Symfony\\Component\\Console\\Output\\ConsoleOutput))
#35 /var/www/html/artisan(16): Illuminate\\Foundation\\Application->handleCommand(Object(Symfony\\Component\\Console\\Input\\ArgvInput))
#36 {main}
"} 
[2025-06-19 09:12:38] local.ERROR: SQLSTATE[HY000]: General error: 3730 Cannot drop table 'users' referenced by a foreign key constraint 'companies_ownerid_foreign' on table 'companies'. (Connection: mysql, SQL: drop table if exists `users`) {"exception":"[object] (Illuminate\\Database\\QueryException(code: HY000): SQLSTATE[HY000]: General error: 3730 Cannot drop table 'users' referenced by a foreign key constraint 'companies_ownerid_foreign' on table 'companies'. (Connection: mysql, SQL: drop table if exists `users`) at /var/www/html/vendor/laravel/framework/src/Illuminate/Database/Connection.php:822)
[stacktrace]
#0 /var/www/html/vendor/laravel/framework/src/Illuminate/Database/Connection.php(776): Illuminate\\Database\\Connection->runQueryCallback('drop table if e...', Array, Object(Closure))
#1 /var/www/html/vendor/laravel/framework/src/Illuminate/Database/Connection.php(557): Illuminate\\Database\\Connection->run('drop table if e...', Array, Object(Closure))
#2 /var/www/html/vendor/laravel/framework/src/Illuminate/Database/Schema/Blueprint.php(119): Illuminate\\Database\\Connection->statement('drop table if e...')
#3 /var/www/html/vendor/laravel/framework/src/Illuminate/Database/Schema/Builder.php(618): Illuminate\\Database\\Schema\\Blueprint->build()
#4 /var/www/html/vendor/laravel/framework/src/Illuminate/Database/Schema/Builder.php(500): Illuminate\\Database\\Schema\\Builder->build(Object(Illuminate\\Database\\Schema\\Blueprint))
#5 /var/www/html/vendor/laravel/framework/src/Illuminate/Support/Facades/Facade.php(361): Illuminate\\Database\\Schema\\Builder->dropIfExists('users')
#6 /var/www/html/database/migrations/0001_01_01_000000_create_users_table.php(47): Illuminate\\Support\\Facades\\Facade::__callStatic('dropIfExists', Array)
#7 /var/www/html/vendor/laravel/framework/src/Illuminate/Database/Migrations/Migrator.php(514): Illuminate\\Database\\Migrations\\Migration@anonymous->down()
#8 /var/www/html/vendor/laravel/framework/src/Illuminate/Database/Migrations/Migrator.php(439): Illuminate\\Database\\Migrations\\Migrator->runMethod(Object(Illuminate\\Database\\MySqlConnection), Object(Illuminate\\Database\\Migrations\\Migration@anonymous), 'down')
#9 /var/www/html/vendor/laravel/framework/src/Illuminate/Database/Migrations/Migrator.php(448): Illuminate\\Database\\Migrations\\Migrator->Illuminate\\Database\\Migrations\\{closure}()
#10 /var/www/html/vendor/laravel/framework/src/Illuminate/Database/Migrations/Migrator.php(414): Illuminate\\Database\\Migrations\\Migrator->runMigration(Object(Illuminate\\Database\\Migrations\\Migration@anonymous), 'down')
#11 /var/www/html/vendor/laravel/framework/src/Illuminate/Console/View/Components/Task.php(41): Illuminate\\Database\\Migrations\\Migrator->Illuminate\\Database\\Migrations\\{closure}()
#12 /var/www/html/vendor/laravel/framework/src/Illuminate/Database/Migrations/Migrator.php(805): Illuminate\\Console\\View\\Components\\Task->render('0001_01_01_0000...', Object(Closure))
#13 /var/www/html/vendor/laravel/framework/src/Illuminate/Database/Migrations/Migrator.php(414): Illuminate\\Database\\Migrations\\Migrator->write('Illuminate\\\\Cons...', '0001_01_01_0000...', Object(Closure))
#14 /var/www/html/vendor/laravel/framework/src/Illuminate/Database/Migrations/Migrator.php(337): Illuminate\\Database\\Migrations\\Migrator->runDown('/var/www/html/d...', Object(stdClass), false)
#15 /var/www/html/vendor/laravel/framework/src/Illuminate/Database/Migrations/Migrator.php(388): Illuminate\\Database\\Migrations\\Migrator->rollbackMigrations(Array, Array, Array)
#16 /var/www/html/vendor/laravel/framework/src/Illuminate/Database/Migrations/Migrator.php(368): Illuminate\\Database\\Migrations\\Migrator->resetMigrations(Array, Array, false)
#17 /var/www/html/vendor/laravel/framework/src/Illuminate/Database/Console/Migrations/ResetCommand.php(70): Illuminate\\Database\\Migrations\\Migrator->reset(Array, false)
#18 /var/www/html/vendor/laravel/framework/src/Illuminate/Database/Migrations/Migrator.php(665): Illuminate\\Database\\Console\\Migrations\\ResetCommand->Illuminate\\Database\\Console\\Migrations\\{closure}()
#19 /var/www/html/vendor/laravel/framework/src/Illuminate/Database/Console/Migrations/ResetCommand.php(62): Illuminate\\Database\\Migrations\\Migrator->usingConnection(NULL, Object(Closure))
#20 /var/www/html/vendor/laravel/framework/src/Illuminate/Container/BoundMethod.php(36): Illuminate\\Database\\Console\\Migrations\\ResetCommand->handle()
#21 /var/www/html/vendor/laravel/framework/src/Illuminate/Container/Util.php(43): Illuminate\\Container\\BoundMethod::Illuminate\\Container\\{closure}()
#22 /var/www/html/vendor/laravel/framework/src/Illuminate/Container/BoundMethod.php(96): Illuminate\\Container\\Util::unwrapIfClosure(Object(Closure))
#23 /var/www/html/vendor/laravel/framework/src/Illuminate/Container/BoundMethod.php(35): Illuminate\\Container\\BoundMethod::callBoundMethod(Object(Illuminate\\Foundation\\Application), Array, Object(Closure))
#24 /var/www/html/vendor/laravel/framework/src/Illuminate/Container/Container.php(754): Illuminate\\Container\\BoundMethod::call(Object(Illuminate\\Foundation\\Application), Array, Array, NULL)
#25 /var/www/html/vendor/laravel/framework/src/Illuminate/Console/Command.php(211): Illuminate\\Container\\Container->call(Array)
#26 /var/www/html/vendor/symfony/console/Command/Command.php(318): Illuminate\\Console\\Command->execute(Object(Symfony\\Component\\Console\\Input\\ArrayInput), Object(Illuminate\\Console\\OutputStyle))
#27 /var/www/html/vendor/laravel/framework/src/Illuminate/Console/Command.php(180): Symfony\\Component\\Console\\Command\\Command->run(Object(Symfony\\Component\\Console\\Input\\ArrayInput), Object(Illuminate\\Console\\OutputStyle))
#28 /var/www/html/vendor/laravel/framework/src/Illuminate/Console/Concerns/CallsCommands.php(68): Illuminate\\Console\\Command->run(Object(Symfony\\Component\\Console\\Input\\ArrayInput), Object(Illuminate\\Console\\OutputStyle))
#29 /var/www/html/vendor/laravel/framework/src/Illuminate/Console/Concerns/CallsCommands.php(29): Illuminate\\Console\\Command->runCommand('migrate:reset', Array, Object(Illuminate\\Console\\OutputStyle))
#30 /var/www/html/vendor/laravel/framework/src/Illuminate/Database/Console/Migrations/RefreshCommand.php(113): Illuminate\\Console\\Command->call('migrate:reset', Array)
#31 /var/www/html/vendor/laravel/framework/src/Illuminate/Database/Console/Migrations/RefreshCommand.php(59): Illuminate\\Database\\Console\\Migrations\\RefreshCommand->runReset(NULL, Array)
#32 /var/www/html/vendor/laravel/framework/src/Illuminate/Container/BoundMethod.php(36): Illuminate\\Database\\Console\\Migrations\\RefreshCommand->handle()
#33 /var/www/html/vendor/laravel/framework/src/Illuminate/Container/Util.php(43): Illuminate\\Container\\BoundMethod::Illuminate\\Container\\{closure}()
#34 /var/www/html/vendor/laravel/framework/src/Illuminate/Container/BoundMethod.php(96): Illuminate\\Container\\Util::unwrapIfClosure(Object(Closure))
#35 /var/www/html/vendor/laravel/framework/src/Illuminate/Container/BoundMethod.php(35): Illuminate\\Container\\BoundMethod::callBoundMethod(Object(Illuminate\\Foundation\\Application), Array, Object(Closure))
#36 /var/www/html/vendor/laravel/framework/src/Illuminate/Container/Container.php(754): Illuminate\\Container\\BoundMethod::call(Object(Illuminate\\Foundation\\Application), Array, Array, NULL)
#37 /var/www/html/vendor/laravel/framework/src/Illuminate/Console/Command.php(211): Illuminate\\Container\\Container->call(Array)
#38 /var/www/html/vendor/symfony/console/Command/Command.php(318): Illuminate\\Console\\Command->execute(Object(Symfony\\Component\\Console\\Input\\ArgvInput), Object(Illuminate\\Console\\OutputStyle))
#39 /var/www/html/vendor/laravel/framework/src/Illuminate/Console/Command.php(180): Symfony\\Component\\Console\\Command\\Command->run(Object(Symfony\\Component\\Console\\Input\\ArgvInput), Object(Illuminate\\Console\\OutputStyle))
#40 /var/www/html/vendor/symfony/console/Application.php(1092): Illuminate\\Console\\Command->run(Object(Symfony\\Component\\Console\\Input\\ArgvInput), Object(Symfony\\Component\\Console\\Output\\ConsoleOutput))
#41 /var/www/html/vendor/symfony/console/Application.php(341): Symfony\\Component\\Console\\Application->doRunCommand(Object(Illuminate\\Database\\Console\\Migrations\\RefreshCommand), Object(Symfony\\Component\\Console\\Input\\ArgvInput), Object(Symfony\\Component\\Console\\Output\\ConsoleOutput))
#42 /var/www/html/vendor/symfony/console/Application.php(192): Symfony\\Component\\Console\\Application->doRun(Object(Symfony\\Component\\Console\\Input\\ArgvInput), Object(Symfony\\Component\\Console\\Output\\ConsoleOutput))
#43 /var/www/html/vendor/laravel/framework/src/Illuminate/Foundation/Console/Kernel.php(197): Symfony\\Component\\Console\\Application->run(Object(Symfony\\Component\\Console\\Input\\ArgvInput), Object(Symfony\\Component\\Console\\Output\\ConsoleOutput))
#44 /var/www/html/vendor/laravel/framework/src/Illuminate/Foundation/Application.php(1234): Illuminate\\Foundation\\Console\\Kernel->handle(Object(Symfony\\Component\\Console\\Input\\ArgvInput), Object(Symfony\\Component\\Console\\Output\\ConsoleOutput))
#45 /var/www/html/artisan(16): Illuminate\\Foundation\\Application->handleCommand(Object(Symfony\\Component\\Console\\Input\\ArgvInput))
#46 {main}

[previous exception] [object] (PDOException(code: HY000): SQLSTATE[HY000]: General error: 3730 Cannot drop table 'users' referenced by a foreign key constraint 'companies_ownerid_foreign' on table 'companies'. at /var/www/html/vendor/laravel/framework/src/Illuminate/Database/Connection.php:568)
[stacktrace]
#0 /var/www/html/vendor/laravel/framework/src/Illuminate/Database/Connection.php(568): PDOStatement->execute()
#1 /var/www/html/vendor/laravel/framework/src/Illuminate/Database/Connection.php(809): Illuminate\\Database\\Connection->Illuminate\\Database\\{closure}('drop table if e...', Array)
#2 /var/www/html/vendor/laravel/framework/src/Illuminate/Database/Connection.php(776): Illuminate\\Database\\Connection->runQueryCallback('drop table if e...', Array, Object(Closure))
#3 /var/www/html/vendor/laravel/framework/src/Illuminate/Database/Connection.php(557): Illuminate\\Database\\Connection->run('drop table if e...', Array, Object(Closure))
#4 /var/www/html/vendor/laravel/framework/src/Illuminate/Database/Schema/Blueprint.php(119): Illuminate\\Database\\Connection->statement('drop table if e...')
#5 /var/www/html/vendor/laravel/framework/src/Illuminate/Database/Schema/Builder.php(618): Illuminate\\Database\\Schema\\Blueprint->build()
#6 /var/www/html/vendor/laravel/framework/src/Illuminate/Database/Schema/Builder.php(500): Illuminate\\Database\\Schema\\Builder->build(Object(Illuminate\\Database\\Schema\\Blueprint))
#7 /var/www/html/vendor/laravel/framework/src/Illuminate/Support/Facades/Facade.php(361): Illuminate\\Database\\Schema\\Builder->dropIfExists('users')
#8 /var/www/html/database/migrations/0001_01_01_000000_create_users_table.php(47): Illuminate\\Support\\Facades\\Facade::__callStatic('dropIfExists', Array)
#9 /var/www/html/vendor/laravel/framework/src/Illuminate/Database/Migrations/Migrator.php(514): Illuminate\\Database\\Migrations\\Migration@anonymous->down()
#10 /var/www/html/vendor/laravel/framework/src/Illuminate/Database/Migrations/Migrator.php(439): Illuminate\\Database\\Migrations\\Migrator->runMethod(Object(Illuminate\\Database\\MySqlConnection), Object(Illuminate\\Database\\Migrations\\Migration@anonymous), 'down')
#11 /var/www/html/vendor/laravel/framework/src/Illuminate/Database/Migrations/Migrator.php(448): Illuminate\\Database\\Migrations\\Migrator->Illuminate\\Database\\Migrations\\{closure}()
#12 /var/www/html/vendor/laravel/framework/src/Illuminate/Database/Migrations/Migrator.php(414): Illuminate\\Database\\Migrations\\Migrator->runMigration(Object(Illuminate\\Database\\Migrations\\Migration@anonymous), 'down')
#13 /var/www/html/vendor/laravel/framework/src/Illuminate/Console/View/Components/Task.php(41): Illuminate\\Database\\Migrations\\Migrator->Illuminate\\Database\\Migrations\\{closure}()
#14 /var/www/html/vendor/laravel/framework/src/Illuminate/Database/Migrations/Migrator.php(805): Illuminate\\Console\\View\\Components\\Task->render('0001_01_01_0000...', Object(Closure))
#15 /var/www/html/vendor/laravel/framework/src/Illuminate/Database/Migrations/Migrator.php(414): Illuminate\\Database\\Migrations\\Migrator->write('Illuminate\\\\Cons...', '0001_01_01_0000...', Object(Closure))
#16 /var/www/html/vendor/laravel/framework/src/Illuminate/Database/Migrations/Migrator.php(337): Illuminate\\Database\\Migrations\\Migrator->runDown('/var/www/html/d...', Object(stdClass), false)
#17 /var/www/html/vendor/laravel/framework/src/Illuminate/Database/Migrations/Migrator.php(388): Illuminate\\Database\\Migrations\\Migrator->rollbackMigrations(Array, Array, Array)
#18 /var/www/html/vendor/laravel/framework/src/Illuminate/Database/Migrations/Migrator.php(368): Illuminate\\Database\\Migrations\\Migrator->resetMigrations(Array, Array, false)
#19 /var/www/html/vendor/laravel/framework/src/Illuminate/Database/Console/Migrations/ResetCommand.php(70): Illuminate\\Database\\Migrations\\Migrator->reset(Array, false)
#20 /var/www/html/vendor/laravel/framework/src/Illuminate/Database/Migrations/Migrator.php(665): Illuminate\\Database\\Console\\Migrations\\ResetCommand->Illuminate\\Database\\Console\\Migrations\\{closure}()
#21 /var/www/html/vendor/laravel/framework/src/Illuminate/Database/Console/Migrations/ResetCommand.php(62): Illuminate\\Database\\Migrations\\Migrator->usingConnection(NULL, Object(Closure))
#22 /var/www/html/vendor/laravel/framework/src/Illuminate/Container/BoundMethod.php(36): Illuminate\\Database\\Console\\Migrations\\ResetCommand->handle()
#23 /var/www/html/vendor/laravel/framework/src/Illuminate/Container/Util.php(43): Illuminate\\Container\\BoundMethod::Illuminate\\Container\\{closure}()
#24 /var/www/html/vendor/laravel/framework/src/Illuminate/Container/BoundMethod.php(96): Illuminate\\Container\\Util::unwrapIfClosure(Object(Closure))
#25 /var/www/html/vendor/laravel/framework/src/Illuminate/Container/BoundMethod.php(35): Illuminate\\Container\\BoundMethod::callBoundMethod(Object(Illuminate\\Foundation\\Application), Array, Object(Closure))
#26 /var/www/html/vendor/laravel/framework/src/Illuminate/Container/Container.php(754): Illuminate\\Container\\BoundMethod::call(Object(Illuminate\\Foundation\\Application), Array, Array, NULL)
#27 /var/www/html/vendor/laravel/framework/src/Illuminate/Console/Command.php(211): Illuminate\\Container\\Container->call(Array)
#28 /var/www/html/vendor/symfony/console/Command/Command.php(318): Illuminate\\Console\\Command->execute(Object(Symfony\\Component\\Console\\Input\\ArrayInput), Object(Illuminate\\Console\\OutputStyle))
#29 /var/www/html/vendor/laravel/framework/src/Illuminate/Console/Command.php(180): Symfony\\Component\\Console\\Command\\Command->run(Object(Symfony\\Component\\Console\\Input\\ArrayInput), Object(Illuminate\\Console\\OutputStyle))
#30 /var/www/html/vendor/laravel/framework/src/Illuminate/Console/Concerns/CallsCommands.php(68): Illuminate\\Console\\Command->run(Object(Symfony\\Component\\Console\\Input\\ArrayInput), Object(Illuminate\\Console\\OutputStyle))
#31 /var/www/html/vendor/laravel/framework/src/Illuminate/Console/Concerns/CallsCommands.php(29): Illuminate\\Console\\Command->runCommand('migrate:reset', Array, Object(Illuminate\\Console\\OutputStyle))
#32 /var/www/html/vendor/laravel/framework/src/Illuminate/Database/Console/Migrations/RefreshCommand.php(113): Illuminate\\Console\\Command->call('migrate:reset', Array)
#33 /var/www/html/vendor/laravel/framework/src/Illuminate/Database/Console/Migrations/RefreshCommand.php(59): Illuminate\\Database\\Console\\Migrations\\RefreshCommand->runReset(NULL, Array)
#34 /var/www/html/vendor/laravel/framework/src/Illuminate/Container/BoundMethod.php(36): Illuminate\\Database\\Console\\Migrations\\RefreshCommand->handle()
#35 /var/www/html/vendor/laravel/framework/src/Illuminate/Container/Util.php(43): Illuminate\\Container\\BoundMethod::Illuminate\\Container\\{closure}()
#36 /var/www/html/vendor/laravel/framework/src/Illuminate/Container/BoundMethod.php(96): Illuminate\\Container\\Util::unwrapIfClosure(Object(Closure))
#37 /var/www/html/vendor/laravel/framework/src/Illuminate/Container/BoundMethod.php(35): Illuminate\\Container\\BoundMethod::callBoundMethod(Object(Illuminate\\Foundation\\Application), Array, Object(Closure))
#38 /var/www/html/vendor/laravel/framework/src/Illuminate/Container/Container.php(754): Illuminate\\Container\\BoundMethod::call(Object(Illuminate\\Foundation\\Application), Array, Array, NULL)
#39 /var/www/html/vendor/laravel/framework/src/Illuminate/Console/Command.php(211): Illuminate\\Container\\Container->call(Array)
#40 /var/www/html/vendor/symfony/console/Command/Command.php(318): Illuminate\\Console\\Command->execute(Object(Symfony\\Component\\Console\\Input\\ArgvInput), Object(Illuminate\\Console\\OutputStyle))
#41 /var/www/html/vendor/laravel/framework/src/Illuminate/Console/Command.php(180): Symfony\\Component\\Console\\Command\\Command->run(Object(Symfony\\Component\\Console\\Input\\ArgvInput), Object(Illuminate\\Console\\OutputStyle))
#42 /var/www/html/vendor/symfony/console/Application.php(1092): Illuminate\\Console\\Command->run(Object(Symfony\\Component\\Console\\Input\\ArgvInput), Object(Symfony\\Component\\Console\\Output\\ConsoleOutput))
#43 /var/www/html/vendor/symfony/console/Application.php(341): Symfony\\Component\\Console\\Application->doRunCommand(Object(Illuminate\\Database\\Console\\Migrations\\RefreshCommand), Object(Symfony\\Component\\Console\\Input\\ArgvInput), Object(Symfony\\Component\\Console\\Output\\ConsoleOutput))
#44 /var/www/html/vendor/symfony/console/Application.php(192): Symfony\\Component\\Console\\Application->doRun(Object(Symfony\\Component\\Console\\Input\\ArgvInput), Object(Symfony\\Component\\Console\\Output\\ConsoleOutput))
#45 /var/www/html/vendor/laravel/framework/src/Illuminate/Foundation/Console/Kernel.php(197): Symfony\\Component\\Console\\Application->run(Object(Symfony\\Component\\Console\\Input\\ArgvInput), Object(Symfony\\Component\\Console\\Output\\ConsoleOutput))
#46 /var/www/html/vendor/laravel/framework/src/Illuminate/Foundation/Application.php(1234): Illuminate\\Foundation\\Console\\Kernel->handle(Object(Symfony\\Component\\Console\\Input\\ArgvInput), Object(Symfony\\Component\\Console\\Output\\ConsoleOutput))
#47 /var/www/html/artisan(16): Illuminate\\Foundation\\Application->handleCommand(Object(Symfony\\Component\\Console\\Input\\ArgvInput))
#48 {main}
"} 
[2025-06-19 09:13:36] local.ERROR: SQLSTATE[42S01]: Base table or view already exists: 1050 Table 'job_categories' already exists (Connection: mysql, SQL: create table `job_categories` (`id` char(36) not null, `name` varchar(255) not null, `created_at` timestamp null, `updated_at` timestamp null, `deleted_at` timestamp null, primary key (`id`)) default character set utf8mb4 collate 'utf8mb4_unicode_ci') {"exception":"[object] (Illuminate\\Database\\QueryException(code: 42S01): SQLSTATE[42S01]: Base table or view already exists: 1050 Table 'job_categories' already exists (Connection: mysql, SQL: create table `job_categories` (`id` char(36) not null, `name` varchar(255) not null, `created_at` timestamp null, `updated_at` timestamp null, `deleted_at` timestamp null, primary key (`id`)) default character set utf8mb4 collate 'utf8mb4_unicode_ci') at /var/www/html/vendor/laravel/framework/src/Illuminate/Database/Connection.php:822)
[stacktrace]
#0 /var/www/html/vendor/laravel/framework/src/Illuminate/Database/Connection.php(776): Illuminate\\Database\\Connection->runQueryCallback('create table `j...', Array, Object(Closure))
#1 /var/www/html/vendor/laravel/framework/src/Illuminate/Database/Connection.php(557): Illuminate\\Database\\Connection->run('create table `j...', Array, Object(Closure))
#2 /var/www/html/vendor/laravel/framework/src/Illuminate/Database/Schema/Blueprint.php(119): Illuminate\\Database\\Connection->statement('create table `j...')
#3 /var/www/html/vendor/laravel/framework/src/Illuminate/Database/Schema/Builder.php(618): Illuminate\\Database\\Schema\\Blueprint->build()
#4 /var/www/html/vendor/laravel/framework/src/Illuminate/Database/Schema/Builder.php(472): Illuminate\\Database\\Schema\\Builder->build(Object(Illuminate\\Database\\Schema\\Blueprint))
#5 /var/www/html/vendor/laravel/framework/src/Illuminate/Support/Facades/Facade.php(361): Illuminate\\Database\\Schema\\Builder->create('job_categories', Object(Closure))
#6 /var/www/html/database/migrations/2025_06_19_083043_create_job_categories_table.php(14): Illuminate\\Support\\Facades\\Facade::__callStatic('create', Array)
#7 /var/www/html/vendor/laravel/framework/src/Illuminate/Database/Migrations/Migrator.php(514): Illuminate\\Database\\Migrations\\Migration@anonymous->up()
#8 /var/www/html/vendor/laravel/framework/src/Illuminate/Database/Migrations/Migrator.php(439): Illuminate\\Database\\Migrations\\Migrator->runMethod(Object(Illuminate\\Database\\MySqlConnection), Object(Illuminate\\Database\\Migrations\\Migration@anonymous), 'up')
#9 /var/www/html/vendor/laravel/framework/src/Illuminate/Database/Migrations/Migrator.php(448): Illuminate\\Database\\Migrations\\Migrator->Illuminate\\Database\\Migrations\\{closure}()
#10 /var/www/html/vendor/laravel/framework/src/Illuminate/Database/Migrations/Migrator.php(250): Illuminate\\Database\\Migrations\\Migrator->runMigration(Object(Illuminate\\Database\\Migrations\\Migration@anonymous), 'up')
#11 /var/www/html/vendor/laravel/framework/src/Illuminate/Console/View/Components/Task.php(41): Illuminate\\Database\\Migrations\\Migrator->Illuminate\\Database\\Migrations\\{closure}()
#12 /var/www/html/vendor/laravel/framework/src/Illuminate/Database/Migrations/Migrator.php(805): Illuminate\\Console\\View\\Components\\Task->render('2025_06_19_0830...', Object(Closure))
#13 /var/www/html/vendor/laravel/framework/src/Illuminate/Database/Migrations/Migrator.php(250): Illuminate\\Database\\Migrations\\Migrator->write('Illuminate\\\\Cons...', '2025_06_19_0830...', Object(Closure))
#14 /var/www/html/vendor/laravel/framework/src/Illuminate/Database/Migrations/Migrator.php(210): Illuminate\\Database\\Migrations\\Migrator->runUp('/var/www/html/d...', 2, false)
#15 /var/www/html/vendor/laravel/framework/src/Illuminate/Database/Migrations/Migrator.php(137): Illuminate\\Database\\Migrations\\Migrator->runPending(Array, Array)
#16 /var/www/html/vendor/laravel/framework/src/Illuminate/Database/Console/Migrations/MigrateCommand.php(116): Illuminate\\Database\\Migrations\\Migrator->run(Array, Array)
#17 /var/www/html/vendor/laravel/framework/src/Illuminate/Database/Migrations/Migrator.php(665): Illuminate\\Database\\Console\\Migrations\\MigrateCommand->Illuminate\\Database\\Console\\Migrations\\{closure}()
#18 /var/www/html/vendor/laravel/framework/src/Illuminate/Database/Console/Migrations/MigrateCommand.php(109): Illuminate\\Database\\Migrations\\Migrator->usingConnection(NULL, Object(Closure))
#19 /var/www/html/vendor/laravel/framework/src/Illuminate/Database/Console/Migrations/MigrateCommand.php(88): Illuminate\\Database\\Console\\Migrations\\MigrateCommand->runMigrations()
#20 /var/www/html/vendor/laravel/framework/src/Illuminate/Container/BoundMethod.php(36): Illuminate\\Database\\Console\\Migrations\\MigrateCommand->handle()
#21 /var/www/html/vendor/laravel/framework/src/Illuminate/Container/Util.php(43): Illuminate\\Container\\BoundMethod::Illuminate\\Container\\{closure}()
#22 /var/www/html/vendor/laravel/framework/src/Illuminate/Container/BoundMethod.php(96): Illuminate\\Container\\Util::unwrapIfClosure(Object(Closure))
#23 /var/www/html/vendor/laravel/framework/src/Illuminate/Container/BoundMethod.php(35): Illuminate\\Container\\BoundMethod::callBoundMethod(Object(Illuminate\\Foundation\\Application), Array, Object(Closure))
#24 /var/www/html/vendor/laravel/framework/src/Illuminate/Container/Container.php(754): Illuminate\\Container\\BoundMethod::call(Object(Illuminate\\Foundation\\Application), Array, Array, NULL)
#25 /var/www/html/vendor/laravel/framework/src/Illuminate/Console/Command.php(211): Illuminate\\Container\\Container->call(Array)
#26 /var/www/html/vendor/symfony/console/Command/Command.php(318): Illuminate\\Console\\Command->execute(Object(Symfony\\Component\\Console\\Input\\ArgvInput), Object(Illuminate\\Console\\OutputStyle))
#27 /var/www/html/vendor/laravel/framework/src/Illuminate/Console/Command.php(180): Symfony\\Component\\Console\\Command\\Command->run(Object(Symfony\\Component\\Console\\Input\\ArgvInput), Object(Illuminate\\Console\\OutputStyle))
#28 /var/www/html/vendor/symfony/console/Application.php(1092): Illuminate\\Console\\Command->run(Object(Symfony\\Component\\Console\\Input\\ArgvInput), Object(Symfony\\Component\\Console\\Output\\ConsoleOutput))
#29 /var/www/html/vendor/symfony/console/Application.php(341): Symfony\\Component\\Console\\Application->doRunCommand(Object(Illuminate\\Database\\Console\\Migrations\\MigrateCommand), Object(Symfony\\Component\\Console\\Input\\ArgvInput), Object(Symfony\\Component\\Console\\Output\\ConsoleOutput))
#30 /var/www/html/vendor/symfony/console/Application.php(192): Symfony\\Component\\Console\\Application->doRun(Object(Symfony\\Component\\Console\\Input\\ArgvInput), Object(Symfony\\Component\\Console\\Output\\ConsoleOutput))
#31 /var/www/html/vendor/laravel/framework/src/Illuminate/Foundation/Console/Kernel.php(197): Symfony\\Component\\Console\\Application->run(Object(Symfony\\Component\\Console\\Input\\ArgvInput), Object(Symfony\\Component\\Console\\Output\\ConsoleOutput))
#32 /var/www/html/vendor/laravel/framework/src/Illuminate/Foundation/Application.php(1234): Illuminate\\Foundation\\Console\\Kernel->handle(Object(Symfony\\Component\\Console\\Input\\ArgvInput), Object(Symfony\\Component\\Console\\Output\\ConsoleOutput))
#33 /var/www/html/artisan(16): Illuminate\\Foundation\\Application->handleCommand(Object(Symfony\\Component\\Console\\Input\\ArgvInput))
#34 {main}

[previous exception] [object] (PDOException(code: 42S01): SQLSTATE[42S01]: Base table or view already exists: 1050 Table 'job_categories' already exists at /var/www/html/vendor/laravel/framework/src/Illuminate/Database/Connection.php:568)
[stacktrace]
#0 /var/www/html/vendor/laravel/framework/src/Illuminate/Database/Connection.php(568): PDOStatement->execute()
#1 /var/www/html/vendor/laravel/framework/src/Illuminate/Database/Connection.php(809): Illuminate\\Database\\Connection->Illuminate\\Database\\{closure}('create table `j...', Array)
#2 /var/www/html/vendor/laravel/framework/src/Illuminate/Database/Connection.php(776): Illuminate\\Database\\Connection->runQueryCallback('create table `j...', Array, Object(Closure))
#3 /var/www/html/vendor/laravel/framework/src/Illuminate/Database/Connection.php(557): Illuminate\\Database\\Connection->run('create table `j...', Array, Object(Closure))
#4 /var/www/html/vendor/laravel/framework/src/Illuminate/Database/Schema/Blueprint.php(119): Illuminate\\Database\\Connection->statement('create table `j...')
#5 /var/www/html/vendor/laravel/framework/src/Illuminate/Database/Schema/Builder.php(618): Illuminate\\Database\\Schema\\Blueprint->build()
#6 /var/www/html/vendor/laravel/framework/src/Illuminate/Database/Schema/Builder.php(472): Illuminate\\Database\\Schema\\Builder->build(Object(Illuminate\\Database\\Schema\\Blueprint))
#7 /var/www/html/vendor/laravel/framework/src/Illuminate/Support/Facades/Facade.php(361): Illuminate\\Database\\Schema\\Builder->create('job_categories', Object(Closure))
#8 /var/www/html/database/migrations/2025_06_19_083043_create_job_categories_table.php(14): Illuminate\\Support\\Facades\\Facade::__callStatic('create', Array)
#9 /var/www/html/vendor/laravel/framework/src/Illuminate/Database/Migrations/Migrator.php(514): Illuminate\\Database\\Migrations\\Migration@anonymous->up()
#10 /var/www/html/vendor/laravel/framework/src/Illuminate/Database/Migrations/Migrator.php(439): Illuminate\\Database\\Migrations\\Migrator->runMethod(Object(Illuminate\\Database\\MySqlConnection), Object(Illuminate\\Database\\Migrations\\Migration@anonymous), 'up')
#11 /var/www/html/vendor/laravel/framework/src/Illuminate/Database/Migrations/Migrator.php(448): Illuminate\\Database\\Migrations\\Migrator->Illuminate\\Database\\Migrations\\{closure}()
#12 /var/www/html/vendor/laravel/framework/src/Illuminate/Database/Migrations/Migrator.php(250): Illuminate\\Database\\Migrations\\Migrator->runMigration(Object(Illuminate\\Database\\Migrations\\Migration@anonymous), 'up')
#13 /var/www/html/vendor/laravel/framework/src/Illuminate/Console/View/Components/Task.php(41): Illuminate\\Database\\Migrations\\Migrator->Illuminate\\Database\\Migrations\\{closure}()
#14 /var/www/html/vendor/laravel/framework/src/Illuminate/Database/Migrations/Migrator.php(805): Illuminate\\Console\\View\\Components\\Task->render('2025_06_19_0830...', Object(Closure))
#15 /var/www/html/vendor/laravel/framework/src/Illuminate/Database/Migrations/Migrator.php(250): Illuminate\\Database\\Migrations\\Migrator->write('Illuminate\\\\Cons...', '2025_06_19_0830...', Object(Closure))
#16 /var/www/html/vendor/laravel/framework/src/Illuminate/Database/Migrations/Migrator.php(210): Illuminate\\Database\\Migrations\\Migrator->runUp('/var/www/html/d...', 2, false)
#17 /var/www/html/vendor/laravel/framework/src/Illuminate/Database/Migrations/Migrator.php(137): Illuminate\\Database\\Migrations\\Migrator->runPending(Array, Array)
#18 /var/www/html/vendor/laravel/framework/src/Illuminate/Database/Console/Migrations/MigrateCommand.php(116): Illuminate\\Database\\Migrations\\Migrator->run(Array, Array)
#19 /var/www/html/vendor/laravel/framework/src/Illuminate/Database/Migrations/Migrator.php(665): Illuminate\\Database\\Console\\Migrations\\MigrateCommand->Illuminate\\Database\\Console\\Migrations\\{closure}()
#20 /var/www/html/vendor/laravel/framework/src/Illuminate/Database/Console/Migrations/MigrateCommand.php(109): Illuminate\\Database\\Migrations\\Migrator->usingConnection(NULL, Object(Closure))
#21 /var/www/html/vendor/laravel/framework/src/Illuminate/Database/Console/Migrations/MigrateCommand.php(88): Illuminate\\Database\\Console\\Migrations\\MigrateCommand->runMigrations()
#22 /var/www/html/vendor/laravel/framework/src/Illuminate/Container/BoundMethod.php(36): Illuminate\\Database\\Console\\Migrations\\MigrateCommand->handle()
#23 /var/www/html/vendor/laravel/framework/src/Illuminate/Container/Util.php(43): Illuminate\\Container\\BoundMethod::Illuminate\\Container\\{closure}()
#24 /var/www/html/vendor/laravel/framework/src/Illuminate/Container/BoundMethod.php(96): Illuminate\\Container\\Util::unwrapIfClosure(Object(Closure))
#25 /var/www/html/vendor/laravel/framework/src/Illuminate/Container/BoundMethod.php(35): Illuminate\\Container\\BoundMethod::callBoundMethod(Object(Illuminate\\Foundation\\Application), Array, Object(Closure))
#26 /var/www/html/vendor/laravel/framework/src/Illuminate/Container/Container.php(754): Illuminate\\Container\\BoundMethod::call(Object(Illuminate\\Foundation\\Application), Array, Array, NULL)
#27 /var/www/html/vendor/laravel/framework/src/Illuminate/Console/Command.php(211): Illuminate\\Container\\Container->call(Array)
#28 /var/www/html/vendor/symfony/console/Command/Command.php(318): Illuminate\\Console\\Command->execute(Object(Symfony\\Component\\Console\\Input\\ArgvInput), Object(Illuminate\\Console\\OutputStyle))
#29 /var/www/html/vendor/laravel/framework/src/Illuminate/Console/Command.php(180): Symfony\\Component\\Console\\Command\\Command->run(Object(Symfony\\Component\\Console\\Input\\ArgvInput), Object(Illuminate\\Console\\OutputStyle))
#30 /var/www/html/vendor/symfony/console/Application.php(1092): Illuminate\\Console\\Command->run(Object(Symfony\\Component\\Console\\Input\\ArgvInput), Object(Symfony\\Component\\Console\\Output\\ConsoleOutput))
#31 /var/www/html/vendor/symfony/console/Application.php(341): Symfony\\Component\\Console\\Application->doRunCommand(Object(Illuminate\\Database\\Console\\Migrations\\MigrateCommand), Object(Symfony\\Component\\Console\\Input\\ArgvInput), Object(Symfony\\Component\\Console\\Output\\ConsoleOutput))
#32 /var/www/html/vendor/symfony/console/Application.php(192): Symfony\\Component\\Console\\Application->doRun(Object(Symfony\\Component\\Console\\Input\\ArgvInput), Object(Symfony\\Component\\Console\\Output\\ConsoleOutput))
#33 /var/www/html/vendor/laravel/framework/src/Illuminate/Foundation/Console/Kernel.php(197): Symfony\\Component\\Console\\Application->run(Object(Symfony\\Component\\Console\\Input\\ArgvInput), Object(Symfony\\Component\\Console\\Output\\ConsoleOutput))
#34 /var/www/html/vendor/laravel/framework/src/Illuminate/Foundation/Application.php(1234): Illuminate\\Foundation\\Console\\Kernel->handle(Object(Symfony\\Component\\Console\\Input\\ArgvInput), Object(Symfony\\Component\\Console\\Output\\ConsoleOutput))
#35 /var/www/html/artisan(16): Illuminate\\Foundation\\Application->handleCommand(Object(Symfony\\Component\\Console\\Input\\ArgvInput))
#36 {main}
"} 
[2025-06-19 09:18:09] local.ERROR: SQLSTATE[HY000]: General error: 3730 Cannot drop table 'users' referenced by a foreign key constraint 'companies_ownerid_foreign' on table 'companies'. (Connection: mysql, SQL: drop table if exists `users`) {"exception":"[object] (Illuminate\\Database\\QueryException(code: HY000): SQLSTATE[HY000]: General error: 3730 Cannot drop table 'users' referenced by a foreign key constraint 'companies_ownerid_foreign' on table 'companies'. (Connection: mysql, SQL: drop table if exists `users`) at /var/www/html/vendor/laravel/framework/src/Illuminate/Database/Connection.php:822)
[stacktrace]
#0 /var/www/html/vendor/laravel/framework/src/Illuminate/Database/Connection.php(776): Illuminate\\Database\\Connection->runQueryCallback('drop table if e...', Array, Object(Closure))
#1 /var/www/html/vendor/laravel/framework/src/Illuminate/Database/Connection.php(557): Illuminate\\Database\\Connection->run('drop table if e...', Array, Object(Closure))
#2 /var/www/html/vendor/laravel/framework/src/Illuminate/Database/Schema/Blueprint.php(119): Illuminate\\Database\\Connection->statement('drop table if e...')
#3 /var/www/html/vendor/laravel/framework/src/Illuminate/Database/Schema/Builder.php(618): Illuminate\\Database\\Schema\\Blueprint->build()
#4 /var/www/html/vendor/laravel/framework/src/Illuminate/Database/Schema/Builder.php(500): Illuminate\\Database\\Schema\\Builder->build(Object(Illuminate\\Database\\Schema\\Blueprint))
#5 /var/www/html/vendor/laravel/framework/src/Illuminate/Support/Facades/Facade.php(361): Illuminate\\Database\\Schema\\Builder->dropIfExists('users')
#6 /var/www/html/database/migrations/0001_01_01_000000_create_users_table.php(47): Illuminate\\Support\\Facades\\Facade::__callStatic('dropIfExists', Array)
#7 /var/www/html/vendor/laravel/framework/src/Illuminate/Database/Migrations/Migrator.php(514): Illuminate\\Database\\Migrations\\Migration@anonymous->down()
#8 /var/www/html/vendor/laravel/framework/src/Illuminate/Database/Migrations/Migrator.php(439): Illuminate\\Database\\Migrations\\Migrator->runMethod(Object(Illuminate\\Database\\MySqlConnection), Object(Illuminate\\Database\\Migrations\\Migration@anonymous), 'down')
#9 /var/www/html/vendor/laravel/framework/src/Illuminate/Database/Migrations/Migrator.php(448): Illuminate\\Database\\Migrations\\Migrator->Illuminate\\Database\\Migrations\\{closure}()
#10 /var/www/html/vendor/laravel/framework/src/Illuminate/Database/Migrations/Migrator.php(414): Illuminate\\Database\\Migrations\\Migrator->runMigration(Object(Illuminate\\Database\\Migrations\\Migration@anonymous), 'down')
#11 /var/www/html/vendor/laravel/framework/src/Illuminate/Console/View/Components/Task.php(41): Illuminate\\Database\\Migrations\\Migrator->Illuminate\\Database\\Migrations\\{closure}()
#12 /var/www/html/vendor/laravel/framework/src/Illuminate/Database/Migrations/Migrator.php(805): Illuminate\\Console\\View\\Components\\Task->render('0001_01_01_0000...', Object(Closure))
#13 /var/www/html/vendor/laravel/framework/src/Illuminate/Database/Migrations/Migrator.php(414): Illuminate\\Database\\Migrations\\Migrator->write('Illuminate\\\\Cons...', '0001_01_01_0000...', Object(Closure))
#14 /var/www/html/vendor/laravel/framework/src/Illuminate/Database/Migrations/Migrator.php(337): Illuminate\\Database\\Migrations\\Migrator->runDown('/var/www/html/d...', Object(stdClass), false)
#15 /var/www/html/vendor/laravel/framework/src/Illuminate/Database/Migrations/Migrator.php(388): Illuminate\\Database\\Migrations\\Migrator->rollbackMigrations(Array, Array, Array)
#16 /var/www/html/vendor/laravel/framework/src/Illuminate/Database/Migrations/Migrator.php(368): Illuminate\\Database\\Migrations\\Migrator->resetMigrations(Array, Array, false)
#17 /var/www/html/vendor/laravel/framework/src/Illuminate/Database/Console/Migrations/ResetCommand.php(70): Illuminate\\Database\\Migrations\\Migrator->reset(Array, false)
#18 /var/www/html/vendor/laravel/framework/src/Illuminate/Database/Migrations/Migrator.php(665): Illuminate\\Database\\Console\\Migrations\\ResetCommand->Illuminate\\Database\\Console\\Migrations\\{closure}()
#19 /var/www/html/vendor/laravel/framework/src/Illuminate/Database/Console/Migrations/ResetCommand.php(62): Illuminate\\Database\\Migrations\\Migrator->usingConnection(NULL, Object(Closure))
#20 /var/www/html/vendor/laravel/framework/src/Illuminate/Container/BoundMethod.php(36): Illuminate\\Database\\Console\\Migrations\\ResetCommand->handle()
#21 /var/www/html/vendor/laravel/framework/src/Illuminate/Container/Util.php(43): Illuminate\\Container\\BoundMethod::Illuminate\\Container\\{closure}()
#22 /var/www/html/vendor/laravel/framework/src/Illuminate/Container/BoundMethod.php(96): Illuminate\\Container\\Util::unwrapIfClosure(Object(Closure))
#23 /var/www/html/vendor/laravel/framework/src/Illuminate/Container/BoundMethod.php(35): Illuminate\\Container\\BoundMethod::callBoundMethod(Object(Illuminate\\Foundation\\Application), Array, Object(Closure))
#24 /var/www/html/vendor/laravel/framework/src/Illuminate/Container/Container.php(754): Illuminate\\Container\\BoundMethod::call(Object(Illuminate\\Foundation\\Application), Array, Array, NULL)
#25 /var/www/html/vendor/laravel/framework/src/Illuminate/Console/Command.php(211): Illuminate\\Container\\Container->call(Array)
#26 /var/www/html/vendor/symfony/console/Command/Command.php(318): Illuminate\\Console\\Command->execute(Object(Symfony\\Component\\Console\\Input\\ArrayInput), Object(Illuminate\\Console\\OutputStyle))
#27 /var/www/html/vendor/laravel/framework/src/Illuminate/Console/Command.php(180): Symfony\\Component\\Console\\Command\\Command->run(Object(Symfony\\Component\\Console\\Input\\ArrayInput), Object(Illuminate\\Console\\OutputStyle))
#28 /var/www/html/vendor/laravel/framework/src/Illuminate/Console/Concerns/CallsCommands.php(68): Illuminate\\Console\\Command->run(Object(Symfony\\Component\\Console\\Input\\ArrayInput), Object(Illuminate\\Console\\OutputStyle))
#29 /var/www/html/vendor/laravel/framework/src/Illuminate/Console/Concerns/CallsCommands.php(29): Illuminate\\Console\\Command->runCommand('migrate:reset', Array, Object(Illuminate\\Console\\OutputStyle))
#30 /var/www/html/vendor/laravel/framework/src/Illuminate/Database/Console/Migrations/RefreshCommand.php(113): Illuminate\\Console\\Command->call('migrate:reset', Array)
#31 /var/www/html/vendor/laravel/framework/src/Illuminate/Database/Console/Migrations/RefreshCommand.php(59): Illuminate\\Database\\Console\\Migrations\\RefreshCommand->runReset(NULL, Array)
#32 /var/www/html/vendor/laravel/framework/src/Illuminate/Container/BoundMethod.php(36): Illuminate\\Database\\Console\\Migrations\\RefreshCommand->handle()
#33 /var/www/html/vendor/laravel/framework/src/Illuminate/Container/Util.php(43): Illuminate\\Container\\BoundMethod::Illuminate\\Container\\{closure}()
#34 /var/www/html/vendor/laravel/framework/src/Illuminate/Container/BoundMethod.php(96): Illuminate\\Container\\Util::unwrapIfClosure(Object(Closure))
#35 /var/www/html/vendor/laravel/framework/src/Illuminate/Container/BoundMethod.php(35): Illuminate\\Container\\BoundMethod::callBoundMethod(Object(Illuminate\\Foundation\\Application), Array, Object(Closure))
#36 /var/www/html/vendor/laravel/framework/src/Illuminate/Container/Container.php(754): Illuminate\\Container\\BoundMethod::call(Object(Illuminate\\Foundation\\Application), Array, Array, NULL)
#37 /var/www/html/vendor/laravel/framework/src/Illuminate/Console/Command.php(211): Illuminate\\Container\\Container->call(Array)
#38 /var/www/html/vendor/symfony/console/Command/Command.php(318): Illuminate\\Console\\Command->execute(Object(Symfony\\Component\\Console\\Input\\ArgvInput), Object(Illuminate\\Console\\OutputStyle))
#39 /var/www/html/vendor/laravel/framework/src/Illuminate/Console/Command.php(180): Symfony\\Component\\Console\\Command\\Command->run(Object(Symfony\\Component\\Console\\Input\\ArgvInput), Object(Illuminate\\Console\\OutputStyle))
#40 /var/www/html/vendor/symfony/console/Application.php(1092): Illuminate\\Console\\Command->run(Object(Symfony\\Component\\Console\\Input\\ArgvInput), Object(Symfony\\Component\\Console\\Output\\ConsoleOutput))
#41 /var/www/html/vendor/symfony/console/Application.php(341): Symfony\\Component\\Console\\Application->doRunCommand(Object(Illuminate\\Database\\Console\\Migrations\\RefreshCommand), Object(Symfony\\Component\\Console\\Input\\ArgvInput), Object(Symfony\\Component\\Console\\Output\\ConsoleOutput))
#42 /var/www/html/vendor/symfony/console/Application.php(192): Symfony\\Component\\Console\\Application->doRun(Object(Symfony\\Component\\Console\\Input\\ArgvInput), Object(Symfony\\Component\\Console\\Output\\ConsoleOutput))
#43 /var/www/html/vendor/laravel/framework/src/Illuminate/Foundation/Console/Kernel.php(197): Symfony\\Component\\Console\\Application->run(Object(Symfony\\Component\\Console\\Input\\ArgvInput), Object(Symfony\\Component\\Console\\Output\\ConsoleOutput))
#44 /var/www/html/vendor/laravel/framework/src/Illuminate/Foundation/Application.php(1234): Illuminate\\Foundation\\Console\\Kernel->handle(Object(Symfony\\Component\\Console\\Input\\ArgvInput), Object(Symfony\\Component\\Console\\Output\\ConsoleOutput))
#45 /var/www/html/artisan(16): Illuminate\\Foundation\\Application->handleCommand(Object(Symfony\\Component\\Console\\Input\\ArgvInput))
#46 {main}

[previous exception] [object] (PDOException(code: HY000): SQLSTATE[HY000]: General error: 3730 Cannot drop table 'users' referenced by a foreign key constraint 'companies_ownerid_foreign' on table 'companies'. at /var/www/html/vendor/laravel/framework/src/Illuminate/Database/Connection.php:568)
[stacktrace]
#0 /var/www/html/vendor/laravel/framework/src/Illuminate/Database/Connection.php(568): PDOStatement->execute()
#1 /var/www/html/vendor/laravel/framework/src/Illuminate/Database/Connection.php(809): Illuminate\\Database\\Connection->Illuminate\\Database\\{closure}('drop table if e...', Array)
#2 /var/www/html/vendor/laravel/framework/src/Illuminate/Database/Connection.php(776): Illuminate\\Database\\Connection->runQueryCallback('drop table if e...', Array, Object(Closure))
#3 /var/www/html/vendor/laravel/framework/src/Illuminate/Database/Connection.php(557): Illuminate\\Database\\Connection->run('drop table if e...', Array, Object(Closure))
#4 /var/www/html/vendor/laravel/framework/src/Illuminate/Database/Schema/Blueprint.php(119): Illuminate\\Database\\Connection->statement('drop table if e...')
#5 /var/www/html/vendor/laravel/framework/src/Illuminate/Database/Schema/Builder.php(618): Illuminate\\Database\\Schema\\Blueprint->build()
#6 /var/www/html/vendor/laravel/framework/src/Illuminate/Database/Schema/Builder.php(500): Illuminate\\Database\\Schema\\Builder->build(Object(Illuminate\\Database\\Schema\\Blueprint))
#7 /var/www/html/vendor/laravel/framework/src/Illuminate/Support/Facades/Facade.php(361): Illuminate\\Database\\Schema\\Builder->dropIfExists('users')
#8 /var/www/html/database/migrations/0001_01_01_000000_create_users_table.php(47): Illuminate\\Support\\Facades\\Facade::__callStatic('dropIfExists', Array)
#9 /var/www/html/vendor/laravel/framework/src/Illuminate/Database/Migrations/Migrator.php(514): Illuminate\\Database\\Migrations\\Migration@anonymous->down()
#10 /var/www/html/vendor/laravel/framework/src/Illuminate/Database/Migrations/Migrator.php(439): Illuminate\\Database\\Migrations\\Migrator->runMethod(Object(Illuminate\\Database\\MySqlConnection), Object(Illuminate\\Database\\Migrations\\Migration@anonymous), 'down')
#11 /var/www/html/vendor/laravel/framework/src/Illuminate/Database/Migrations/Migrator.php(448): Illuminate\\Database\\Migrations\\Migrator->Illuminate\\Database\\Migrations\\{closure}()
#12 /var/www/html/vendor/laravel/framework/src/Illuminate/Database/Migrations/Migrator.php(414): Illuminate\\Database\\Migrations\\Migrator->runMigration(Object(Illuminate\\Database\\Migrations\\Migration@anonymous), 'down')
#13 /var/www/html/vendor/laravel/framework/src/Illuminate/Console/View/Components/Task.php(41): Illuminate\\Database\\Migrations\\Migrator->Illuminate\\Database\\Migrations\\{closure}()
#14 /var/www/html/vendor/laravel/framework/src/Illuminate/Database/Migrations/Migrator.php(805): Illuminate\\Console\\View\\Components\\Task->render('0001_01_01_0000...', Object(Closure))
#15 /var/www/html/vendor/laravel/framework/src/Illuminate/Database/Migrations/Migrator.php(414): Illuminate\\Database\\Migrations\\Migrator->write('Illuminate\\\\Cons...', '0001_01_01_0000...', Object(Closure))
#16 /var/www/html/vendor/laravel/framework/src/Illuminate/Database/Migrations/Migrator.php(337): Illuminate\\Database\\Migrations\\Migrator->runDown('/var/www/html/d...', Object(stdClass), false)
#17 /var/www/html/vendor/laravel/framework/src/Illuminate/Database/Migrations/Migrator.php(388): Illuminate\\Database\\Migrations\\Migrator->rollbackMigrations(Array, Array, Array)
#18 /var/www/html/vendor/laravel/framework/src/Illuminate/Database/Migrations/Migrator.php(368): Illuminate\\Database\\Migrations\\Migrator->resetMigrations(Array, Array, false)
#19 /var/www/html/vendor/laravel/framework/src/Illuminate/Database/Console/Migrations/ResetCommand.php(70): Illuminate\\Database\\Migrations\\Migrator->reset(Array, false)
#20 /var/www/html/vendor/laravel/framework/src/Illuminate/Database/Migrations/Migrator.php(665): Illuminate\\Database\\Console\\Migrations\\ResetCommand->Illuminate\\Database\\Console\\Migrations\\{closure}()
#21 /var/www/html/vendor/laravel/framework/src/Illuminate/Database/Console/Migrations/ResetCommand.php(62): Illuminate\\Database\\Migrations\\Migrator->usingConnection(NULL, Object(Closure))
#22 /var/www/html/vendor/laravel/framework/src/Illuminate/Container/BoundMethod.php(36): Illuminate\\Database\\Console\\Migrations\\ResetCommand->handle()
#23 /var/www/html/vendor/laravel/framework/src/Illuminate/Container/Util.php(43): Illuminate\\Container\\BoundMethod::Illuminate\\Container\\{closure}()
#24 /var/www/html/vendor/laravel/framework/src/Illuminate/Container/BoundMethod.php(96): Illuminate\\Container\\Util::unwrapIfClosure(Object(Closure))
#25 /var/www/html/vendor/laravel/framework/src/Illuminate/Container/BoundMethod.php(35): Illuminate\\Container\\BoundMethod::callBoundMethod(Object(Illuminate\\Foundation\\Application), Array, Object(Closure))
#26 /var/www/html/vendor/laravel/framework/src/Illuminate/Container/Container.php(754): Illuminate\\Container\\BoundMethod::call(Object(Illuminate\\Foundation\\Application), Array, Array, NULL)
#27 /var/www/html/vendor/laravel/framework/src/Illuminate/Console/Command.php(211): Illuminate\\Container\\Container->call(Array)
#28 /var/www/html/vendor/symfony/console/Command/Command.php(318): Illuminate\\Console\\Command->execute(Object(Symfony\\Component\\Console\\Input\\ArrayInput), Object(Illuminate\\Console\\OutputStyle))
#29 /var/www/html/vendor/laravel/framework/src/Illuminate/Console/Command.php(180): Symfony\\Component\\Console\\Command\\Command->run(Object(Symfony\\Component\\Console\\Input\\ArrayInput), Object(Illuminate\\Console\\OutputStyle))
#30 /var/www/html/vendor/laravel/framework/src/Illuminate/Console/Concerns/CallsCommands.php(68): Illuminate\\Console\\Command->run(Object(Symfony\\Component\\Console\\Input\\ArrayInput), Object(Illuminate\\Console\\OutputStyle))
#31 /var/www/html/vendor/laravel/framework/src/Illuminate/Console/Concerns/CallsCommands.php(29): Illuminate\\Console\\Command->runCommand('migrate:reset', Array, Object(Illuminate\\Console\\OutputStyle))
#32 /var/www/html/vendor/laravel/framework/src/Illuminate/Database/Console/Migrations/RefreshCommand.php(113): Illuminate\\Console\\Command->call('migrate:reset', Array)
#33 /var/www/html/vendor/laravel/framework/src/Illuminate/Database/Console/Migrations/RefreshCommand.php(59): Illuminate\\Database\\Console\\Migrations\\RefreshCommand->runReset(NULL, Array)
#34 /var/www/html/vendor/laravel/framework/src/Illuminate/Container/BoundMethod.php(36): Illuminate\\Database\\Console\\Migrations\\RefreshCommand->handle()
#35 /var/www/html/vendor/laravel/framework/src/Illuminate/Container/Util.php(43): Illuminate\\Container\\BoundMethod::Illuminate\\Container\\{closure}()
#36 /var/www/html/vendor/laravel/framework/src/Illuminate/Container/BoundMethod.php(96): Illuminate\\Container\\Util::unwrapIfClosure(Object(Closure))
#37 /var/www/html/vendor/laravel/framework/src/Illuminate/Container/BoundMethod.php(35): Illuminate\\Container\\BoundMethod::callBoundMethod(Object(Illuminate\\Foundation\\Application), Array, Object(Closure))
#38 /var/www/html/vendor/laravel/framework/src/Illuminate/Container/Container.php(754): Illuminate\\Container\\BoundMethod::call(Object(Illuminate\\Foundation\\Application), Array, Array, NULL)
#39 /var/www/html/vendor/laravel/framework/src/Illuminate/Console/Command.php(211): Illuminate\\Container\\Container->call(Array)
#40 /var/www/html/vendor/symfony/console/Command/Command.php(318): Illuminate\\Console\\Command->execute(Object(Symfony\\Component\\Console\\Input\\ArgvInput), Object(Illuminate\\Console\\OutputStyle))
#41 /var/www/html/vendor/laravel/framework/src/Illuminate/Console/Command.php(180): Symfony\\Component\\Console\\Command\\Command->run(Object(Symfony\\Component\\Console\\Input\\ArgvInput), Object(Illuminate\\Console\\OutputStyle))
#42 /var/www/html/vendor/symfony/console/Application.php(1092): Illuminate\\Console\\Command->run(Object(Symfony\\Component\\Console\\Input\\ArgvInput), Object(Symfony\\Component\\Console\\Output\\ConsoleOutput))
#43 /var/www/html/vendor/symfony/console/Application.php(341): Symfony\\Component\\Console\\Application->doRunCommand(Object(Illuminate\\Database\\Console\\Migrations\\RefreshCommand), Object(Symfony\\Component\\Console\\Input\\ArgvInput), Object(Symfony\\Component\\Console\\Output\\ConsoleOutput))
#44 /var/www/html/vendor/symfony/console/Application.php(192): Symfony\\Component\\Console\\Application->doRun(Object(Symfony\\Component\\Console\\Input\\ArgvInput), Object(Symfony\\Component\\Console\\Output\\ConsoleOutput))
#45 /var/www/html/vendor/laravel/framework/src/Illuminate/Foundation/Console/Kernel.php(197): Symfony\\Component\\Console\\Application->run(Object(Symfony\\Component\\Console\\Input\\ArgvInput), Object(Symfony\\Component\\Console\\Output\\ConsoleOutput))
#46 /var/www/html/vendor/laravel/framework/src/Illuminate/Foundation/Application.php(1234): Illuminate\\Foundation\\Console\\Kernel->handle(Object(Symfony\\Component\\Console\\Input\\ArgvInput), Object(Symfony\\Component\\Console\\Output\\ConsoleOutput))
#47 /var/www/html/artisan(16): Illuminate\\Foundation\\Application->handleCommand(Object(Symfony\\Component\\Console\\Input\\ArgvInput))
#48 {main}
"} 
[2025-06-19 11:39:52] local.ERROR: Attempt to read property "id" on string {"exception":"[object] (ErrorException(code: 0): Attempt to read property \"id\" on string at /var/www/html/database/seeders/DatabaseSeeder.php:80)
[stacktrace]
#0 /var/www/html/vendor/laravel/framework/src/Illuminate/Foundation/Bootstrap/HandleExceptions.php(256): Illuminate\\Foundation\\Bootstrap\\HandleExceptions->handleError(2, 'Attempt to read...', '/var/www/html/d...', 80)
#1 /var/www/html/database/seeders/DatabaseSeeder.php(80): Illuminate\\Foundation\\Bootstrap\\HandleExceptions->Illuminate\\Foundation\\Bootstrap\\{closure}(2, 'Attempt to read...', '/var/www/html/d...', 80)
#2 /var/www/html/vendor/laravel/framework/src/Illuminate/Container/BoundMethod.php(36): Database\\Seeders\\DatabaseSeeder->run()
#3 /var/www/html/vendor/laravel/framework/src/Illuminate/Container/Util.php(43): Illuminate\\Container\\BoundMethod::Illuminate\\Container\\{closure}()
#4 /var/www/html/vendor/laravel/framework/src/Illuminate/Container/BoundMethod.php(96): Illuminate\\Container\\Util::unwrapIfClosure(Object(Closure))
#5 /var/www/html/vendor/laravel/framework/src/Illuminate/Container/BoundMethod.php(35): Illuminate\\Container\\BoundMethod::callBoundMethod(Object(Illuminate\\Foundation\\Application), Array, Object(Closure))
#6 /var/www/html/vendor/laravel/framework/src/Illuminate/Container/Container.php(754): Illuminate\\Container\\BoundMethod::call(Object(Illuminate\\Foundation\\Application), Array, Array, NULL)
#7 /var/www/html/vendor/laravel/framework/src/Illuminate/Database/Seeder.php(188): Illuminate\\Container\\Container->call(Array, Array)
#8 /var/www/html/vendor/laravel/framework/src/Illuminate/Database/Seeder.php(197): Illuminate\\Database\\Seeder->Illuminate\\Database\\{closure}()
#9 /var/www/html/vendor/laravel/framework/src/Illuminate/Database/Console/Seeds/SeedCommand.php(71): Illuminate\\Database\\Seeder->__invoke()
#10 /var/www/html/vendor/laravel/framework/src/Illuminate/Database/Eloquent/Concerns/GuardsAttributes.php(157): Illuminate\\Database\\Console\\Seeds\\SeedCommand->Illuminate\\Database\\Console\\Seeds\\{closure}()
#11 /var/www/html/vendor/laravel/framework/src/Illuminate/Database/Console/Seeds/SeedCommand.php(70): Illuminate\\Database\\Eloquent\\Model::unguarded(Object(Closure))
#12 /var/www/html/vendor/laravel/framework/src/Illuminate/Container/BoundMethod.php(36): Illuminate\\Database\\Console\\Seeds\\SeedCommand->handle()
#13 /var/www/html/vendor/laravel/framework/src/Illuminate/Container/Util.php(43): Illuminate\\Container\\BoundMethod::Illuminate\\Container\\{closure}()
#14 /var/www/html/vendor/laravel/framework/src/Illuminate/Container/BoundMethod.php(96): Illuminate\\Container\\Util::unwrapIfClosure(Object(Closure))
#15 /var/www/html/vendor/laravel/framework/src/Illuminate/Container/BoundMethod.php(35): Illuminate\\Container\\BoundMethod::callBoundMethod(Object(Illuminate\\Foundation\\Application), Array, Object(Closure))
#16 /var/www/html/vendor/laravel/framework/src/Illuminate/Container/Container.php(754): Illuminate\\Container\\BoundMethod::call(Object(Illuminate\\Foundation\\Application), Array, Array, NULL)
#17 /var/www/html/vendor/laravel/framework/src/Illuminate/Console/Command.php(211): Illuminate\\Container\\Container->call(Array)
#18 /var/www/html/vendor/symfony/console/Command/Command.php(318): Illuminate\\Console\\Command->execute(Object(Symfony\\Component\\Console\\Input\\ArgvInput), Object(Illuminate\\Console\\OutputStyle))
#19 /var/www/html/vendor/laravel/framework/src/Illuminate/Console/Command.php(180): Symfony\\Component\\Console\\Command\\Command->run(Object(Symfony\\Component\\Console\\Input\\ArgvInput), Object(Illuminate\\Console\\OutputStyle))
#20 /var/www/html/vendor/symfony/console/Application.php(1092): Illuminate\\Console\\Command->run(Object(Symfony\\Component\\Console\\Input\\ArgvInput), Object(Symfony\\Component\\Console\\Output\\ConsoleOutput))
#21 /var/www/html/vendor/symfony/console/Application.php(341): Symfony\\Component\\Console\\Application->doRunCommand(Object(Illuminate\\Database\\Console\\Seeds\\SeedCommand), Object(Symfony\\Component\\Console\\Input\\ArgvInput), Object(Symfony\\Component\\Console\\Output\\ConsoleOutput))
#22 /var/www/html/vendor/symfony/console/Application.php(192): Symfony\\Component\\Console\\Application->doRun(Object(Symfony\\Component\\Console\\Input\\ArgvInput), Object(Symfony\\Component\\Console\\Output\\ConsoleOutput))
#23 /var/www/html/vendor/laravel/framework/src/Illuminate/Foundation/Console/Kernel.php(197): Symfony\\Component\\Console\\Application->run(Object(Symfony\\Component\\Console\\Input\\ArgvInput), Object(Symfony\\Component\\Console\\Output\\ConsoleOutput))
#24 /var/www/html/vendor/laravel/framework/src/Illuminate/Foundation/Application.php(1234): Illuminate\\Foundation\\Console\\Kernel->handle(Object(Symfony\\Component\\Console\\Input\\ArgvInput), Object(Symfony\\Component\\Console\\Output\\ConsoleOutput))
#25 /var/www/html/artisan(16): Illuminate\\Foundation\\Application->handleCommand(Object(Symfony\\Component\\Console\\Input\\ArgvInput))
#26 {main}
"} 
[2025-06-19 11:40:57] local.ERROR: Array to string conversion (Connection: mysql, SQL: insert into `job_vacancies` (`title`, `description`, `location`, `type`, `salary`, `required_skills`, `view_count`, `jobCategoryId`, `companyId`, `id`, `updated_at`, `created_at`) values (Senior Frontend Developer, We are seeking a talented Senior Frontend Developer to join our engineering team. You will be responsible for building responsive and interactive user interfaces using modern JavaScript frameworks. The ideal candidate should have strong experience with React.js, TypeScript, and a passion for creating exceptional user experiences., San Francisco, CA, Full-time, 150000, ?, 1, 019787d6-0b69-7023-8b43-137e39992b03, 019787ee-7aec-715b-98c3-9e171489583c, 019787fd-ee89-735c-a2f3-c50afd973314, 2025-06-19 11:40:55, 2025-06-19 11:40:55)) {"exception":"[object] (Illuminate\\Database\\QueryException(code: 0): Array to string conversion (Connection: mysql, SQL: insert into `job_vacancies` (`title`, `description`, `location`, `type`, `salary`, `required_skills`, `view_count`, `jobCategoryId`, `companyId`, `id`, `updated_at`, `created_at`) values (Senior Frontend Developer, We are seeking a talented Senior Frontend Developer to join our engineering team. You will be responsible for building responsive and interactive user interfaces using modern JavaScript frameworks. The ideal candidate should have strong experience with React.js, TypeScript, and a passion for creating exceptional user experiences., San Francisco, CA, Full-time, 150000, ?, 1, 019787d6-0b69-7023-8b43-137e39992b03, 019787ee-7aec-715b-98c3-9e171489583c, 019787fd-ee89-735c-a2f3-c50afd973314, 2025-06-19 11:40:55, 2025-06-19 11:40:55)) at /var/www/html/vendor/laravel/framework/src/Illuminate/Database/Connection.php:822)
[stacktrace]
#0 /var/www/html/vendor/laravel/framework/src/Illuminate/Database/Connection.php(776): Illuminate\\Database\\Connection->runQueryCallback('insert into `jo...', Array, Object(Closure))
#1 /var/www/html/vendor/laravel/framework/src/Illuminate/Database/MySqlConnection.php(42): Illuminate\\Database\\Connection->run('insert into `jo...', Array, Object(Closure))
#2 /var/www/html/vendor/laravel/framework/src/Illuminate/Database/Query/Builder.php(3747): Illuminate\\Database\\MySqlConnection->insert('insert into `jo...', Array)
#3 /var/www/html/vendor/laravel/framework/src/Illuminate/Database/Eloquent/Builder.php(2205): Illuminate\\Database\\Query\\Builder->insert(Array)
#4 /var/www/html/vendor/laravel/framework/src/Illuminate/Database/Eloquent/Model.php(1384): Illuminate\\Database\\Eloquent\\Builder->__call('insert', Array)
#5 /var/www/html/vendor/laravel/framework/src/Illuminate/Database/Eloquent/Model.php(1212): Illuminate\\Database\\Eloquent\\Model->performInsert(Object(Illuminate\\Database\\Eloquent\\Builder))
#6 /var/www/html/vendor/laravel/framework/src/Illuminate/Database/Eloquent/Builder.php(1189): Illuminate\\Database\\Eloquent\\Model->save()
#7 /var/www/html/vendor/laravel/framework/src/Illuminate/Support/helpers.php(399): Illuminate\\Database\\Eloquent\\Builder->Illuminate\\Database\\Eloquent\\{closure}(Object(App\\Models\\JobVacancy))
#8 /var/www/html/vendor/laravel/framework/src/Illuminate/Database/Eloquent/Builder.php(1188): tap(Object(App\\Models\\JobVacancy), Object(Closure))
#9 /var/www/html/vendor/laravel/framework/src/Illuminate/Database/Eloquent/Builder.php(695): Illuminate\\Database\\Eloquent\\Builder->create(Array)
#10 /var/www/html/vendor/laravel/framework/src/Illuminate/Database/Eloquent/Builder.php(1929): Illuminate\\Database\\Eloquent\\Builder->Illuminate\\Database\\Eloquent\\{closure}()
#11 /var/www/html/vendor/laravel/framework/src/Illuminate/Database/Eloquent/Builder.php(695): Illuminate\\Database\\Eloquent\\Builder->withSavepointIfNeeded(Object(Closure))
#12 /var/www/html/vendor/laravel/framework/src/Illuminate/Database/Eloquent/Builder.php(682): Illuminate\\Database\\Eloquent\\Builder->createOrFirst(Array, Array)
#13 /var/www/html/vendor/laravel/framework/src/Illuminate/Support/Traits/ForwardsCalls.php(23): Illuminate\\Database\\Eloquent\\Builder->firstOrCreate(Array, Array)
#14 /var/www/html/vendor/laravel/framework/src/Illuminate/Database/Eloquent/Model.php(2449): Illuminate\\Database\\Eloquent\\Model->forwardCallTo(Object(Illuminate\\Database\\Eloquent\\Builder), 'firstOrCreate', Array)
#15 /var/www/html/vendor/laravel/framework/src/Illuminate/Database/Eloquent/Model.php(2465): Illuminate\\Database\\Eloquent\\Model->__call('firstOrCreate', Array)
#16 /var/www/html/database/seeders/DatabaseSeeder.php(71): Illuminate\\Database\\Eloquent\\Model::__callStatic('firstOrCreate', Array)
#17 /var/www/html/vendor/laravel/framework/src/Illuminate/Container/BoundMethod.php(36): Database\\Seeders\\DatabaseSeeder->run()
#18 /var/www/html/vendor/laravel/framework/src/Illuminate/Container/Util.php(43): Illuminate\\Container\\BoundMethod::Illuminate\\Container\\{closure}()
#19 /var/www/html/vendor/laravel/framework/src/Illuminate/Container/BoundMethod.php(96): Illuminate\\Container\\Util::unwrapIfClosure(Object(Closure))
#20 /var/www/html/vendor/laravel/framework/src/Illuminate/Container/BoundMethod.php(35): Illuminate\\Container\\BoundMethod::callBoundMethod(Object(Illuminate\\Foundation\\Application), Array, Object(Closure))
#21 /var/www/html/vendor/laravel/framework/src/Illuminate/Container/Container.php(754): Illuminate\\Container\\BoundMethod::call(Object(Illuminate\\Foundation\\Application), Array, Array, NULL)
#22 /var/www/html/vendor/laravel/framework/src/Illuminate/Database/Seeder.php(188): Illuminate\\Container\\Container->call(Array, Array)
#23 /var/www/html/vendor/laravel/framework/src/Illuminate/Database/Seeder.php(197): Illuminate\\Database\\Seeder->Illuminate\\Database\\{closure}()
#24 /var/www/html/vendor/laravel/framework/src/Illuminate/Database/Console/Seeds/SeedCommand.php(71): Illuminate\\Database\\Seeder->__invoke()
#25 /var/www/html/vendor/laravel/framework/src/Illuminate/Database/Eloquent/Concerns/GuardsAttributes.php(157): Illuminate\\Database\\Console\\Seeds\\SeedCommand->Illuminate\\Database\\Console\\Seeds\\{closure}()
#26 /var/www/html/vendor/laravel/framework/src/Illuminate/Database/Console/Seeds/SeedCommand.php(70): Illuminate\\Database\\Eloquent\\Model::unguarded(Object(Closure))
#27 /var/www/html/vendor/laravel/framework/src/Illuminate/Container/BoundMethod.php(36): Illuminate\\Database\\Console\\Seeds\\SeedCommand->handle()
#28 /var/www/html/vendor/laravel/framework/src/Illuminate/Container/Util.php(43): Illuminate\\Container\\BoundMethod::Illuminate\\Container\\{closure}()
#29 /var/www/html/vendor/laravel/framework/src/Illuminate/Container/BoundMethod.php(96): Illuminate\\Container\\Util::unwrapIfClosure(Object(Closure))
#30 /var/www/html/vendor/laravel/framework/src/Illuminate/Container/BoundMethod.php(35): Illuminate\\Container\\BoundMethod::callBoundMethod(Object(Illuminate\\Foundation\\Application), Array, Object(Closure))
#31 /var/www/html/vendor/laravel/framework/src/Illuminate/Container/Container.php(754): Illuminate\\Container\\BoundMethod::call(Object(Illuminate\\Foundation\\Application), Array, Array, NULL)
#32 /var/www/html/vendor/laravel/framework/src/Illuminate/Console/Command.php(211): Illuminate\\Container\\Container->call(Array)
#33 /var/www/html/vendor/symfony/console/Command/Command.php(318): Illuminate\\Console\\Command->execute(Object(Symfony\\Component\\Console\\Input\\ArgvInput), Object(Illuminate\\Console\\OutputStyle))
#34 /var/www/html/vendor/laravel/framework/src/Illuminate/Console/Command.php(180): Symfony\\Component\\Console\\Command\\Command->run(Object(Symfony\\Component\\Console\\Input\\ArgvInput), Object(Illuminate\\Console\\OutputStyle))
#35 /var/www/html/vendor/symfony/console/Application.php(1092): Illuminate\\Console\\Command->run(Object(Symfony\\Component\\Console\\Input\\ArgvInput), Object(Symfony\\Component\\Console\\Output\\ConsoleOutput))
#36 /var/www/html/vendor/symfony/console/Application.php(341): Symfony\\Component\\Console\\Application->doRunCommand(Object(Illuminate\\Database\\Console\\Seeds\\SeedCommand), Object(Symfony\\Component\\Console\\Input\\ArgvInput), Object(Symfony\\Component\\Console\\Output\\ConsoleOutput))
#37 /var/www/html/vendor/symfony/console/Application.php(192): Symfony\\Component\\Console\\Application->doRun(Object(Symfony\\Component\\Console\\Input\\ArgvInput), Object(Symfony\\Component\\Console\\Output\\ConsoleOutput))
#38 /var/www/html/vendor/laravel/framework/src/Illuminate/Foundation/Console/Kernel.php(197): Symfony\\Component\\Console\\Application->run(Object(Symfony\\Component\\Console\\Input\\ArgvInput), Object(Symfony\\Component\\Console\\Output\\ConsoleOutput))
#39 /var/www/html/vendor/laravel/framework/src/Illuminate/Foundation/Application.php(1234): Illuminate\\Foundation\\Console\\Kernel->handle(Object(Symfony\\Component\\Console\\Input\\ArgvInput), Object(Symfony\\Component\\Console\\Output\\ConsoleOutput))
#40 /var/www/html/artisan(16): Illuminate\\Foundation\\Application->handleCommand(Object(Symfony\\Component\\Console\\Input\\ArgvInput))
#41 {main}

[previous exception] [object] (ErrorException(code: 0): Array to string conversion at /var/www/html/vendor/laravel/framework/src/Illuminate/Database/Connection.php:716)
[stacktrace]
#0 /var/www/html/vendor/laravel/framework/src/Illuminate/Foundation/Bootstrap/HandleExceptions.php(256): Illuminate\\Foundation\\Bootstrap\\HandleExceptions->handleError(2, 'Array to string...', '/var/www/html/v...', 716)
#1 [internal function]: Illuminate\\Foundation\\Bootstrap\\HandleExceptions->Illuminate\\Foundation\\Bootstrap\\{closure}(2, 'Array to string...', '/var/www/html/v...', 716)
#2 /var/www/html/vendor/laravel/framework/src/Illuminate/Database/Connection.php(716): PDOStatement->bindValue(6, Array, 2)
#3 /var/www/html/vendor/laravel/framework/src/Illuminate/Database/MySqlConnection.php(49): Illuminate\\Database\\Connection->bindValues(Object(PDOStatement), Array)
#4 /var/www/html/vendor/laravel/framework/src/Illuminate/Database/Connection.php(809): Illuminate\\Database\\MySqlConnection->Illuminate\\Database\\{closure}('insert into `jo...', Array)
#5 /var/www/html/vendor/laravel/framework/src/Illuminate/Database/Connection.php(776): Illuminate\\Database\\Connection->runQueryCallback('insert into `jo...', Array, Object(Closure))
#6 /var/www/html/vendor/laravel/framework/src/Illuminate/Database/MySqlConnection.php(42): Illuminate\\Database\\Connection->run('insert into `jo...', Array, Object(Closure))
#7 /var/www/html/vendor/laravel/framework/src/Illuminate/Database/Query/Builder.php(3747): Illuminate\\Database\\MySqlConnection->insert('insert into `jo...', Array)
#8 /var/www/html/vendor/laravel/framework/src/Illuminate/Database/Eloquent/Builder.php(2205): Illuminate\\Database\\Query\\Builder->insert(Array)
#9 /var/www/html/vendor/laravel/framework/src/Illuminate/Database/Eloquent/Model.php(1384): Illuminate\\Database\\Eloquent\\Builder->__call('insert', Array)
#10 /var/www/html/vendor/laravel/framework/src/Illuminate/Database/Eloquent/Model.php(1212): Illuminate\\Database\\Eloquent\\Model->performInsert(Object(Illuminate\\Database\\Eloquent\\Builder))
#11 /var/www/html/vendor/laravel/framework/src/Illuminate/Database/Eloquent/Builder.php(1189): Illuminate\\Database\\Eloquent\\Model->save()
#12 /var/www/html/vendor/laravel/framework/src/Illuminate/Support/helpers.php(399): Illuminate\\Database\\Eloquent\\Builder->Illuminate\\Database\\Eloquent\\{closure}(Object(App\\Models\\JobVacancy))
#13 /var/www/html/vendor/laravel/framework/src/Illuminate/Database/Eloquent/Builder.php(1188): tap(Object(App\\Models\\JobVacancy), Object(Closure))
#14 /var/www/html/vendor/laravel/framework/src/Illuminate/Database/Eloquent/Builder.php(695): Illuminate\\Database\\Eloquent\\Builder->create(Array)
#15 /var/www/html/vendor/laravel/framework/src/Illuminate/Database/Eloquent/Builder.php(1929): Illuminate\\Database\\Eloquent\\Builder->Illuminate\\Database\\Eloquent\\{closure}()
#16 /var/www/html/vendor/laravel/framework/src/Illuminate/Database/Eloquent/Builder.php(695): Illuminate\\Database\\Eloquent\\Builder->withSavepointIfNeeded(Object(Closure))
#17 /var/www/html/vendor/laravel/framework/src/Illuminate/Database/Eloquent/Builder.php(682): Illuminate\\Database\\Eloquent\\Builder->createOrFirst(Array, Array)
#18 /var/www/html/vendor/laravel/framework/src/Illuminate/Support/Traits/ForwardsCalls.php(23): Illuminate\\Database\\Eloquent\\Builder->firstOrCreate(Array, Array)
#19 /var/www/html/vendor/laravel/framework/src/Illuminate/Database/Eloquent/Model.php(2449): Illuminate\\Database\\Eloquent\\Model->forwardCallTo(Object(Illuminate\\Database\\Eloquent\\Builder), 'firstOrCreate', Array)
#20 /var/www/html/vendor/laravel/framework/src/Illuminate/Database/Eloquent/Model.php(2465): Illuminate\\Database\\Eloquent\\Model->__call('firstOrCreate', Array)
#21 /var/www/html/database/seeders/DatabaseSeeder.php(71): Illuminate\\Database\\Eloquent\\Model::__callStatic('firstOrCreate', Array)
#22 /var/www/html/vendor/laravel/framework/src/Illuminate/Container/BoundMethod.php(36): Database\\Seeders\\DatabaseSeeder->run()
#23 /var/www/html/vendor/laravel/framework/src/Illuminate/Container/Util.php(43): Illuminate\\Container\\BoundMethod::Illuminate\\Container\\{closure}()
#24 /var/www/html/vendor/laravel/framework/src/Illuminate/Container/BoundMethod.php(96): Illuminate\\Container\\Util::unwrapIfClosure(Object(Closure))
#25 /var/www/html/vendor/laravel/framework/src/Illuminate/Container/BoundMethod.php(35): Illuminate\\Container\\BoundMethod::callBoundMethod(Object(Illuminate\\Foundation\\Application), Array, Object(Closure))
#26 /var/www/html/vendor/laravel/framework/src/Illuminate/Container/Container.php(754): Illuminate\\Container\\BoundMethod::call(Object(Illuminate\\Foundation\\Application), Array, Array, NULL)
#27 /var/www/html/vendor/laravel/framework/src/Illuminate/Database/Seeder.php(188): Illuminate\\Container\\Container->call(Array, Array)
#28 /var/www/html/vendor/laravel/framework/src/Illuminate/Database/Seeder.php(197): Illuminate\\Database\\Seeder->Illuminate\\Database\\{closure}()
#29 /var/www/html/vendor/laravel/framework/src/Illuminate/Database/Console/Seeds/SeedCommand.php(71): Illuminate\\Database\\Seeder->__invoke()
#30 /var/www/html/vendor/laravel/framework/src/Illuminate/Database/Eloquent/Concerns/GuardsAttributes.php(157): Illuminate\\Database\\Console\\Seeds\\SeedCommand->Illuminate\\Database\\Console\\Seeds\\{closure}()
#31 /var/www/html/vendor/laravel/framework/src/Illuminate/Database/Console/Seeds/SeedCommand.php(70): Illuminate\\Database\\Eloquent\\Model::unguarded(Object(Closure))
#32 /var/www/html/vendor/laravel/framework/src/Illuminate/Container/BoundMethod.php(36): Illuminate\\Database\\Console\\Seeds\\SeedCommand->handle()
#33 /var/www/html/vendor/laravel/framework/src/Illuminate/Container/Util.php(43): Illuminate\\Container\\BoundMethod::Illuminate\\Container\\{closure}()
#34 /var/www/html/vendor/laravel/framework/src/Illuminate/Container/BoundMethod.php(96): Illuminate\\Container\\Util::unwrapIfClosure(Object(Closure))
#35 /var/www/html/vendor/laravel/framework/src/Illuminate/Container/BoundMethod.php(35): Illuminate\\Container\\BoundMethod::callBoundMethod(Object(Illuminate\\Foundation\\Application), Array, Object(Closure))
#36 /var/www/html/vendor/laravel/framework/src/Illuminate/Container/Container.php(754): Illuminate\\Container\\BoundMethod::call(Object(Illuminate\\Foundation\\Application), Array, Array, NULL)
#37 /var/www/html/vendor/laravel/framework/src/Illuminate/Console/Command.php(211): Illuminate\\Container\\Container->call(Array)
#38 /var/www/html/vendor/symfony/console/Command/Command.php(318): Illuminate\\Console\\Command->execute(Object(Symfony\\Component\\Console\\Input\\ArgvInput), Object(Illuminate\\Console\\OutputStyle))
#39 /var/www/html/vendor/laravel/framework/src/Illuminate/Console/Command.php(180): Symfony\\Component\\Console\\Command\\Command->run(Object(Symfony\\Component\\Console\\Input\\ArgvInput), Object(Illuminate\\Console\\OutputStyle))
#40 /var/www/html/vendor/symfony/console/Application.php(1092): Illuminate\\Console\\Command->run(Object(Symfony\\Component\\Console\\Input\\ArgvInput), Object(Symfony\\Component\\Console\\Output\\ConsoleOutput))
#41 /var/www/html/vendor/symfony/console/Application.php(341): Symfony\\Component\\Console\\Application->doRunCommand(Object(Illuminate\\Database\\Console\\Seeds\\SeedCommand), Object(Symfony\\Component\\Console\\Input\\ArgvInput), Object(Symfony\\Component\\Console\\Output\\ConsoleOutput))
#42 /var/www/html/vendor/symfony/console/Application.php(192): Symfony\\Component\\Console\\Application->doRun(Object(Symfony\\Component\\Console\\Input\\ArgvInput), Object(Symfony\\Component\\Console\\Output\\ConsoleOutput))
#43 /var/www/html/vendor/laravel/framework/src/Illuminate/Foundation/Console/Kernel.php(197): Symfony\\Component\\Console\\Application->run(Object(Symfony\\Component\\Console\\Input\\ArgvInput), Object(Symfony\\Component\\Console\\Output\\ConsoleOutput))
#44 /var/www/html/vendor/laravel/framework/src/Illuminate/Foundation/Application.php(1234): Illuminate\\Foundation\\Console\\Kernel->handle(Object(Symfony\\Component\\Console\\Input\\ArgvInput), Object(Symfony\\Component\\Console\\Output\\ConsoleOutput))
#45 /var/www/html/artisan(16): Illuminate\\Foundation\\Application->handleCommand(Object(Symfony\\Component\\Console\\Input\\ArgvInput))
#46 {main}
"} 
